id,domain,status,purchase_price,renewal_price,attractiveness,demand,length,registrar,created_at,expires_at,status_verified_at
25cf3573-aaa7-41ae-baed-54ffcf31f7fc,soggy.red,available,9.48,28.48,high,low,5,namecheap,,,10/08/2026 17:14
9a28811e-86cf-42da-a22e-c647fc77f2b2,blazonry.red,available,11.49,23.49,high,low,8,namesilo,,,24/09/2026 05:06
3b8aed42-f670-47ff-b7be-3ed6421bc36c,saratoga.red,available,9.48,28.48,high,low,8,namecheap,,,21/09/2026 04:45
61fcb187-edeb-4a2c-9b4e-a93e20e82cf5,motley.red,available,9.48,28.48,medium,low,6,namecheap,,,07/08/2026 07:29
c9595dbb-8b0e-4883-a833-05902d811ad1,corporal.red,available,9.48,28.48,high,low,8,namecheap,,,13/08/2026 01:52
9340750b-248e-41d4-bb9e-12d3e4610573,speeches.red,available,11.49,23.49,low,low,8,namesilo,,,28/09/2026 08:40
00b0e8c0-90a9-41f4-8cfb-4f6a553e9a76,balkan.red,available,11.49,23.49,high,low,6,namesilo,,,21/09/2026 22:14
8c785e52-981e-4601-9e12-cf38959d668d,accoute.red,available,9.48,28.48,medium,low,10,namecheap,,,
6f7b7dcd-ebcd-45c2-9e62-ef2b44c60a19,keychains.red,available,11.49,23.49,medium,low,9,namesilo,,,21/09/2026 02:44
760830fc-e4b8-49dc-b08c-ea0ea90020d6,logistics.red,resell,,,high,low,9,Squarespace Domains II LLC,09/07/2022 17:00,09/07/2027 17:00,28/09/2026 03:58
202b1573-dd61-46e0-8e3f-f732243b5228,stylish.red,available,11.49,23.49,high,low,7,namesilo,,,24/09/2026 17:15
52742e5e-69b2-4416-a1de-e3b8442fc55b,coveted.red,available,9.48,28.48,high,low,7,namecheap,,,24/09/2026 00:56
3a9c5db9-8168-4112-9f58-bbfb4bfe6d01,roiled.red,available,9.48,28.48,medium,low,6,namecheap,,,
e87eb98a-99f3-40cc-83aa-1e6a01420747,mobiles.red,available,9.48,28.48,medium,low,7,namecheap,,,20/09/2026 08:45
c8cb54a4-84d2-496c-a929-671c4755706b,agamemnon.red,available,11.49,23.49,medium,low,9,namesilo,,,17/09/2026 16:06
1c3ab04f-fe3e-41cf-9f2e-4294a7f913ed,touched.red,available,9.48,28.48,high,low,7,namecheap,,,25/08/2026 09:12
b0971bfd-a249-4da5-bd85-014db00712af,permed.red,available,9.48,28.48,high,low,6,namecheap,,,08/09/2026 17:46
c95eb056-b9ce-4732-a79b-99052cad486d,mongol.red,available,9.48,28.48,high,low,6,namecheap,,,25/08/2026 04:45
a289c1da-1c9b-4257-ba4c-02f4ff22708a,variegated.red,available,9.48,28.48,high,low,10,namecheap,,,13/09/2026 01:18
b028efb6-4072-4869-9748-2da9a3715852,nursing.red,available,8.24,19.05,high,low,7,porkbun,,,27/09/2026 11:56
f4e4fb26-2639-4f41-bfc8-9d4a7b7f1a1e,evidence.red,available,9.48,28.48,high,low,8,namecheap,,,24/08/2026 15:05
0d70ca50-49bf-4ff1-b666-4ccc15dc9e47,damnable.red,available,14.99,29.99,medium,low,8,name.com,,,13/08/2026 16:29
0e6ee8f8-22cf-4afb-ac16-d23fc5ae8044,gigantic.red,available,9.48,28.48,high,low,8,namecheap,,,18/08/2026 23:29
da0aa023-1681-4869-b1d6-30a4de28c00b,kookie.red,available,9.48,28.48,medium,low,6,namecheap,,,06/08/2026 21:09
fed336df-b97c-40a3-bcfe-679e665f3320,realized.red,available,11.49,23.49,high,low,8,namesilo,,,23/09/2026 17:28
4d95d97e-10ea-4953-a37b-4bd8da5871a8,nibbed.red,available,9.48,28.48,medium,low,6,namecheap,,,03/09/2026 16:57
b04694ee-01c4-4d88-8360-f7e2be4448ff,molal.red,available,9.48,28.48,medium,low,5,namecheap,,,25/08/2026 03:31
86c9f82a-602d-4949-9052-345ede92c2b0,bout.red,available,11,,high,low,4,unstoppable,,,28/09/2026 18:28
9a540337-766b-4278-8f38-d95cb8ea3fa1,attalea.red,available,9.48,28.48,medium,low,7,namecheap,,,21/09/2026 01:14
8c6873a3-1f90-4256-9f2c-25df270e64cf,chekov.red,available,9.48,28.48,medium,low,6,namecheap,,,19/09/2026 15:28
9aa17548-55a5-4a00-b540-57836eecdac1,copesetic.red,available,9.48,28.48,medium,low,9,namecheap,,,13/08/2026 00:22
215b2648-834f-4553-aae4-d9bdfa5833b6,hampton.red,available,11.49,23.49,high,low,7,namesilo,,,25/09/2026 06:48
f4c53ade-42f5-45f3-90ea-ec33871d01ef,events.red,resell,,,high,low,6,"Spaceship, Inc.",29/11/2022 14:39,29/11/2026 14:39,26/09/2026 05:55
b052424a-8075-416a-9dd7-c82d88214c69,major.red,available,11.49,23.49,high,low,5,namesilo,,,25/09/2026 16:14
9415f2da-9fbf-4453-8918-816fae496dad,astana.red,available,11.49,23.49,medium,low,6,namesilo,,,18/09/2026 00:11
137a93a6-a0c6-4b13-8b33-ee420094d0ee,basaltic.red,available,9.48,28.48,medium,low,8,namecheap,,,08/08/2026 21:29
46d1ebb4-41d4-40c9-ae80-be01b1373fa9,annexe.red,available,9.48,28.48,high,low,6,namecheap,,,19/09/2026 10:24
6de9ad83-feaa-4a08-8d0c-ae7946d8e8f6,fueled.red,available,9.48,28.48,high,low,6,namecheap,,,18/08/2026 17:37
142a5283-e518-48bb-80b4-8a44a2a81a31,tenderly.red,available,11.49,23.49,high,low,8,namesilo,,,16/09/2026 08:17
661bdac4-1690-4bb0-b9e2-0c228c3bc8c1,digestion.red,available,8.48,18.83,high,low,9,spaceship,,,30/09/2026 01:19
bc65162b-4a66-4515-a2d4-ba0743027cda,murine.red,available,9.48,28.48,medium,low,6,namecheap,,,03/09/2026 11:04
69b75e58-2072-4add-9202-17254fe37776,colorado.red,premium,640,640,high,low,8,namesilo,,,24/09/2026 13:30
6ff9a4e8-b3ab-4c32-a644-bd5a919002bc,reverting.red,available,9.48,28.48,high,low,9,namecheap,,,09/09/2026 15:58
7c8fe14d-d918-443d-996f-a2b90b02d655,hausen.red,available,11.49,23.49,medium,low,6,namesilo,,,17/09/2026 01:50
036c6f3c-0615-44f8-9d33-31fa32cdacd4,embassador.red,available,9.48,28.48,high,low,10,namecheap,,,18/09/2026 16:29
2498fc7a-ad3c-4cbc-9dfb-04473548baac,squeezable.red,available,9.48,28.48,medium,low,10,namecheap,,,10/09/2026 17:41
582806a6-ac32-4127-8026-ac321051b600,whole.red,available,11.49,23.49,high,low,5,namesilo,,,22/09/2026 00:29
26a99a34-32c0-475d-b5d9-750cd644610d,speckled.red,available,9.48,28.48,medium,low,8,namecheap,,,14/08/2026 16:34
b6441eac-b24f-40cb-9235-bc3d07e4e58f,spruce.red,available,14.99,29.99,high,low,6,name.com,,,13/08/2026 17:37
9b2c2a8e-3e08-437a-a8db-acf31ad909bb,itch.red,available,18.2,18.2,high,low,4,cloudflare,,,29/09/2026 19:24
b9b353ac-0aca-451a-84fb-c5d7ba03bc27,forster.red,available,9.48,28.48,medium,low,7,namecheap,,,26/09/2026 03:41
1559c547-73b4-4f7c-bd7a-3cf8d03106aa,albula.red,available,9.48,28.48,medium,low,6,namecheap,,,18/09/2026 03:24
5e7b17a6-0e46-4f31-9b63-2628e98120ed,robson.red,available,8.48,18.83,high,low,6,spaceship,,,28/09/2026 08:01
6e093482-3c35-4861-812b-a068041554aa,obligated.red,available,18.2,18.2,high,low,9,cloudflare,,,29/09/2026 21:21
08a58537-c5a3-4abe-8971-c39d6d5c095c,biloxi.red,premium,640,640,high,low,6,namesilo,,,23/09/2026 16:52
0d1aba2c-7ee8-436d-83fc-43690b909519,masculine.red,available,11.49,23.49,high,low,9,namesilo,,,25/09/2026 17:05
811f7ed5-263c-4efa-88f8-48193ab629ec,locker.red,available,11.49,23.49,high,low,6,namesilo,,,25/09/2026 06:06
17c66f96-5c8d-4d34-a48d-4c3eb13f2f0b,heatless.red,available,9.48,28.48,medium,low,8,namecheap,,,21/08/2026 02:27
7e23aa60-ff00-4c26-86b4-722fa25867ea,dandyish.red,available,14.99,29.99,high,low,8,name.com,,,13/08/2026 17:03
a3765760-70aa-479d-92d6-41026d9be644,revelation.red,available,8.24,19.48,high,low,10,dynadot,,,27/09/2026 13:50
72f202cb-f3e9-4535-b883-942f8d46ce9b,leisure.red,available,8.48,18.83,high,low,7,spaceship,,,28/09/2026 12:28
a3f6fd7e-86d5-44be-8516-44e108213c94,ambrosial.red,available,9.48,28.48,medium,low,9,namecheap,,,
a56f45a3-5732-4ffe-827a-0d7b23913e53,swampy.red,available,9.48,28.48,medium,low,6,namecheap,,,10/08/2026 17:18
b33b46f2-9d10-488b-8ab8-0857228fa4c7,oper.red,available,8.24,19.48,high,low,4,dynadot,,,28/09/2026 21:34
490c18d9-e792-4dda-8bbc-cb2c5d2ff626,poached.red,available,9.48,28.48,high,low,7,namecheap,,,10/08/2026 17:34
405a1a72-fd50-4fb4-9ab6-2d186ad86e00,magazine.red,resell,,,high,low,8,"Spaceship, Inc.",19/02/2020 10:16,19/02/2027 10:16,26/09/2026 07:22
60119a92-1a9f-4a79-9ac5-c7c055996a63,advantage.red,available,18.2,18.2,high,low,9,cloudflare,,,28/09/2026 18:56
fc825fe2-5aa3-4e60-b5a8-82caf9d875e8,pens.red,available,11.49,23.49,medium,low,4,namesilo,,,20/09/2026 04:15
4c2b36ed-bff0-4a3e-930a-d043f14e2e6a,assign.red,available,11.49,23.49,high,low,6,namesilo,,,21/09/2026 02:19
1f6d16d7-d377-4b10-b06c-e85b1145d23e,entered.red,available,11.49,23.49,medium,low,7,namesilo,,,18/09/2026 11:17
64150b6e-4db8-4d88-993d-b663a16e4a2c,pennate.red,available,9.48,28.48,medium,low,7,namecheap,,,08/09/2026 14:37
ec04e19a-1754-42dc-84c0-55923000b3bb,libber.red,available,9.48,28.48,medium,low,6,namecheap,,,18/08/2026 01:03
a113492c-f2b9-4ba8-8233-321c072da7f8,tis.red,available,8.48,18.83,high,low,3,spaceship,,,29/09/2026 23:40
23fdd685-964a-4f26-9c7e-c11fa3c76977,extensile.red,available,9.48,28.48,medium,low,9,namecheap,,,17/08/2026 19:01
1841b4b2-3cb4-495b-971a-524fa04751f0,perforce.red,available,9.48,28.48,medium,low,8,namecheap,,,15/09/2026 19:36
76051c0b-e000-4c1b-8604-3ee05e3ce5cc,wiggins.red,available,11.49,23.49,high,low,7,namesilo,,,28/09/2026 16:37
5b934f8f-1d1e-4e7c-8a80-8800f2bbb2d1,stubby.red,available,9.48,28.48,high,low,6,namecheap,,,10/09/2026 22:56
5209b214-394d-47bd-8409-faedc957004d,liar.red,available,8.24,19.48,high,low,4,dynadot,,,27/09/2026 14:44
cea605db-9c32-4db1-a8c5-cd178f650351,sweating.red,available,11.49,23.49,medium,low,8,namesilo,,,28/09/2026 13:54
a6fdefba-5b6f-47ae-ba54-d3f80a21f141,empowered.red,available,9.48,28.48,high,low,9,namecheap,,,16/08/2026 18:26
75d6bfa8-b483-49be-9999-dfaefccbfb65,anatropous.red,available,9.48,28.48,medium,low,10,namecheap,,,
c31914fc-4b06-49b1-8f45-7fd7353c43b3,abandonment.red,available,8.24,19.05,medium,low,11,porkbun,,,29/09/2026 22:48
696104d3-5bd3-4437-8823-82c3ae728b15,disguise.red,available,11.49,23.49,high,low,8,namesilo,,,29/09/2026 06:07
3fa58416-9d8d-4b60-8d37-e32c66916b63,loading.red,available,11.49,23.49,high,low,7,namesilo,,,24/09/2026 12:57
80644d4b-84ba-4630-95db-27802310fbee,freddy.red,available,11.49,23.49,high,low,6,namesilo,,,28/09/2026 07:49
80625e93-7c6e-431d-82b5-e85e4e2c3972,resigned.red,available,9.48,28.48,low,low,8,namecheap,,,28/09/2026 17:54
ff5f6614-88cc-4a82-a12a-60df0e03743c,hereby.red,available,9.48,28.48,medium,low,6,namecheap,,,15/09/2026 00:25
496b7980-9cc1-4386-95b9-3cd6e715a6f0,spell.red,available,11.49,23.49,high,low,5,namesilo,,,24/09/2026 22:24
f7bba1ea-1848-48cc-ac17-390a1e822fd5,millionaire.red,available,11.49,23.49,high,low,11,namesilo,,,28/09/2026 07:04
c34b94db-1132-4c84-9523-fbada28f9908,limitations.red,available,8.48,18.83,medium,low,11,spaceship,,,29/09/2026 10:21
2c8239b1-8f72-49d1-aa9e-c3210dbe0e0a,detachment.red,available,8.24,19.05,high,low,10,porkbun,,,29/09/2026 12:04
60aa7e1e-0ec8-4acb-bc9f-b52652a340b4,severn.red,available,8.48,18.83,medium,low,6,spaceship,,,28/09/2026 15:15
75d263ca-f4a9-488d-aba0-590af1c40909,associates.red,available,11.49,23.49,medium,low,10,namesilo,,,28/09/2026 08:50
e4c03fd6-088e-4bc8-b9fe-eb253e354ed6,melissa.red,available,14.99,29.99,high,low,7,name.com,,,27/09/2026 04:11
a89d2839-728b-4000-9c8a-8be70921e7e1,toothless.red,available,9.48,28.48,medium,low,9,namecheap,,,11/09/2026 17:15
e4640133-1d6a-423f-bade-6b0002525caa,liquors.red,available,11.49,23.49,medium,low,7,namesilo,,,20/09/2026 06:24
3277a1ca-8032-4431-b272-ab93115bee73,bleak.red,available,9.48,28.48,medium,low,5,namecheap,,,08/08/2026 21:02
f8fbaa64-c65d-43ba-b1a4-f6677cd219a2,cummings.red,available,11.49,23.49,high,low,8,namesilo,,,25/09/2026 04:27
61737b58-bed7-4c31-a3b3-0662d14ba13a,role.red,available,11.49,23.49,high,low,4,namesilo,,,25/09/2026 09:54
c556833f-6b68-42b3-902e-51dd5c73a46d,dominance.red,available,11,,high,low,9,unstoppable,,,28/09/2026 22:25
5a0dd5aa-2a58-4723-8c3e-fbabbfeb5499,preparation.red,available,8.24,19.05,high,low,11,porkbun,,,28/09/2026 12:30
defe5d86-4445-4db7-93c5-1ab5b44266b8,uncoated.red,available,9.48,28.48,medium,low,8,namecheap,,,12/09/2026 05:35
2445fccb-86dc-4734-adf5-ca79fbf1621b,adar.red,available,11.49,23.49,medium,low,4,namesilo,,,17/09/2026 06:32
ce62c437-59f7-44c5-92d1-f88c684639c9,burgos.red,available,8.48,18.83,medium,low,6,spaceship,,,29/09/2026 09:52
98054840-8dec-4d0b-bae9-83e64ee5a60c,azimuth.red,available,9.48,28.48,high,low,7,namecheap,,,21/09/2026 10:54
85f1fb9d-a34f-4d07-a6f7-39be4add7da8,trillionaire.red,available,14.99,,high,low,12,name.com,,,
4f3d219c-ba09-4e9b-a5ce-a7444f5cf1ef,pasty.red,available,9.48,28.48,high,low,5,namecheap,,,20/08/2026 15:21
797de8b4-5ced-4bea-8d7c-3f255ca009d6,smithsonian.red,available,11.49,23.49,high,low,11,namesilo,,,25/09/2026 12:40
28068b2b-81ba-4e4c-9ad9-3de9dec183af,catching.red,available,9.48,28.48,high,low,8,namecheap,,,11/08/2026 21:16
abd3a7d8-9c05-4379-b7a5-04f01fc1f583,skinless.red,available,9.48,28.48,medium,low,8,namecheap,,,10/09/2026 09:42
1d8fbc24-bc01-4917-8cbc-7ae6408bb243,mantra.red,available,14.99,,high,low,6,name.com,,,
7fb7f6d5-7479-401c-a754-c22a5083524f,trujillo.red,available,18.2,18.2,medium,low,8,cloudflare,,,28/09/2026 16:38
7fda173b-e29f-4b8c-a85f-3a82283239d3,aerogram.red,available,11.49,23.49,medium,low,8,namesilo,,,17/09/2026 13:04
6267e6d5-0e08-42e4-b8b4-e02cf6c72e9c,terse.red,available,9.48,28.48,medium,low,5,namecheap,,,22/08/2026 18:16
b6fdc33f-79d0-4150-80cb-c6fa5ff589fa,debater.red,available,11.49,23.49,medium,low,7,namesilo,,,20/09/2026 04:45
486eb65b-3394-4810-9313-96df4d9e1390,factory.red,resell,,,high,low,7,"Sav.com, LLC - 1",20/09/2026 15:15,20/09/2027 15:15,26/09/2026 05:59
d666fd4a-09fe-421f-bf56-a58030414ab1,dispose.red,available,8.48,18.83,high,low,7,spaceship,,,29/09/2026 15:24
3edfec2c-040e-4da4-a3c2-77f396e7da79,apogamy.red,available,9.48,28.48,medium,low,7,namecheap,,,19/09/2026 18:27
0aae1720-58aa-4aeb-a8b4-7c4855d42ec1,sterilization.red,available,11.49,23.49,high,low,13,namesilo,,,16/09/2026 21:54
7ea0f007-c626-4e62-b9a0-8e7a6d715987,vegetable.red,available,14.99,,high,low,9,name.com,,,
8156297c-3b6a-4880-8d96-ddedb2fed9bb,dahomey.red,available,9.48,28.48,medium,low,7,namecheap,,,23/09/2026 08:10
5d75ae90-86e3-4fed-9d13-c85444e77270,visualize.red,available,11.49,23.49,high,low,9,namesilo,,,24/09/2026 16:39
c0c29574-4c20-4e76-94a2-c5afa1012e76,baraka.red,available,11.49,23.49,high,low,6,namesilo,,,22/09/2026 04:07
fe5d7bad-3ae6-481e-a0c8-072d20b38e58,familiar.red,available,11.49,23.49,high,low,8,namesilo,,,24/09/2026 16:30
62f3f774-01d1-459e-8e24-10aa787e4d0e,sesame.red,available,9.48,28.48,high,low,6,namecheap,,,23/09/2026 08:27
dc487466-827a-4eb8-acfb-4e44e13e2eaf,doom.red,available,11.49,23.49,high,low,4,namesilo,,,24/09/2026 23:34
4a94e043-fd44-493f-905b-eb703e95300f,fecal.red,available,9.48,28.48,medium,low,5,namecheap,,,17/08/2026 20:38
b3f3fffa-bdee-4579-aa61-45fde1e36f58,guests.red,available,11.49,23.49,high,low,6,namesilo,,,25/09/2026 17:02
e42a6284-adb9-4ab1-bc67-c5bc346410ca,harrisburg.red,available,11.49,23.49,high,low,10,namesilo,,,25/09/2026 22:04
a5668e75-9e09-494c-a256-a5c8ac2e6922,hannukah.red,available,8.48,18.83,medium,low,8,spaceship,,,29/09/2026 08:07
659c45c2-509a-4ed1-a1ee-bbdc9e368c3e,ranger.red,available,11.49,23.49,high,low,6,namesilo,,,27/09/2026 03:34
ddffaf49-f811-4fd5-a836-0b8c440703f0,bevy.red,available,11.49,23.49,medium,low,4,namesilo,,,23/09/2026 12:05
32ee16ee-58b3-4f54-a51a-0d7e995a4318,until.red,available,11.49,23.49,medium,low,5,namesilo,,,25/09/2026 15:05
6ba17024-0b05-4039-b4a4-eb3fcc845809,verifying.red,available,9.48,28.48,high,low,9,namecheap,,,12/08/2026 20:56
32823bd2-a12b-4a7b-b83f-8a27dfd4d261,stentorian.red,available,9.48,28.48,medium,low,10,namecheap,,,10/09/2026 20:07
fda3d9ad-215f-4ef5-95a4-54e784b230c6,afflatus.red,available,11.49,23.49,high,low,8,namesilo,,,17/09/2026 14:39
0b083203-2bd5-452e-bda5-9ebb06cb2351,usage.red,available,11.49,23.49,high,low,5,namesilo,,,24/09/2026 04:06
75c88444-054b-4e47-a325-efb0b2668f6e,goosefish.red,available,11.49,23.49,medium,low,9,namesilo,,,18/09/2026 11:40
0b954db2-8141-4e31-9393-fbfb7c9376d9,robustly.red,available,9.48,28.48,medium,low,8,namecheap,,,15/09/2026 23:57
d9b69624-ea0a-4360-a419-e32d1b69ca4a,loveless.red,available,9.48,28.48,medium,low,8,namecheap,,,24/08/2026 10:09
dc578d59-be1f-4071-a7e5-f8be9a4de10b,phonologic.red,available,9.48,28.48,medium,low,10,namecheap,,,08/09/2026 19:14
f5a79282-85e9-44cf-86da-6491faca3055,splenic.red,available,14.99,29.99,medium,low,7,name.com,,,23/08/2026 01:27
1bbc729a-a03c-49c3-a626-f08314374013,combined.red,available,9.48,28.48,high,low,8,namecheap,,,12/08/2026 18:36
99a81257-7d89-4040-9eef-b6e8bc57a39b,monitor.red,premium,273.41,546.35,high,low,7,porkbun,,,28/09/2026 18:50
ce5b8ad5-bd91-4ffa-ba0b-f388d88ea009,prakash.red,available,8.24,19.48,medium,low,7,dynadot,,,29/09/2026 15:19
d55485a3-e702-4fc7-8631-75c126f07baa,caffeine.red,available,11.49,23.49,high,low,8,namesilo,,,24/09/2026 11:38
47fad327-4879-499d-817e-914fb479cc6a,unforced.red,available,9.48,28.48,high,low,8,namecheap,,,12/09/2026 05:40
79024c91-c9ac-4e16-85b1-58f496160487,etiquette.red,available,8.48,18.83,high,low,9,spaceship,,,29/09/2026 18:48
f7d722b3-b4e0-49aa-86fc-07c85f753aa2,fleeing.red,available,11.49,23.49,medium,low,7,namesilo,,,29/09/2026 03:23
654e7582-9a23-45fa-b0bd-9441b53f33c6,infantile.red,available,9.48,28.48,high,low,9,namecheap,,,12/08/2026 05:04
b9cc162a-2579-414c-adea-9bbf827a5fe5,gaunt.red,available,9.48,28.48,medium,low,5,namecheap,,,10/08/2026 18:54
a75fc91c-b3e2-4f1d-8fd2-50a121223194,pester.red,available,9.48,28.48,medium,low,6,namecheap,,,21/09/2026 17:02
4e97934d-0aec-4bf3-8ba3-956a2a870d4b,urbanized.red,available,9.48,28.48,medium,low,9,namecheap,,,12/09/2026 23:29
77c81883-f778-42fa-a7ba-9bf18aba8a60,baht.red,available,11.49,23.49,high,low,4,namesilo,,,21/09/2026 18:46
a830a97f-713d-440f-8b83-64532c14d476,converges.red,available,8.48,18.83,medium,low,9,spaceship,,,29/09/2026 11:40
cb70b79e-e9c9-4bc7-a019-1c1bed214fd8,alocasia.red,available,11.49,23.49,medium,low,8,namesilo,,,18/09/2026 12:56
cc70b701-be08-46b7-a85f-1ada9ad0e46e,lowborn.red,available,9.48,28.48,medium,low,7,namecheap,,,24/08/2026 10:44
3a16a654-545a-4c6b-b26d-e22190268afb,oozing.red,available,9.48,28.48,medium,low,6,namecheap,,,04/09/2026 15:28
42441a40-f914-4c8f-aa1d-4085c47f9cc5,connelly.red,available,8.48,18.83,medium,low,8,spaceship,,,29/09/2026 04:23
9905ea5f-f396-45e5-8154-c619a1ce5231,undergoing.red,available,8.48,18.83,low,low,10,spaceship,,,29/09/2026 23:42
81e62c6c-0533-48df-ba2f-c65a282dc08d,superstar.red,available,8.48,18.83,high,low,9,spaceship,,,28/09/2026 17:57
d1a167e2-fb4d-43c3-b3e1-2efe95ce14a2,abysmal.red,available,9.48,28.48,medium,low,7,namecheap,,,
111b9c1b-485e-436a-a64b-f1204ee4d931,slashed.red,available,9.48,28.48,high,low,7,namecheap,,,10/09/2026 10:06
6933d82f-0087-4e68-b7d3-b71e3573afab,merits.red,available,11.49,23.49,medium,low,6,namesilo,,,29/09/2026 16:29
fd102078-7335-4eee-b546-ab02240375df,mission.red,premium,68.51,68.51,high,medium,7,spaceship,,,29/09/2026 13:45
de7302c4-b386-4c59-9e37-a23324e1349b,carefully.red,available,8.24,19.05,medium,low,9,porkbun,,,28/09/2026 13:46
57c30d8e-3800-473d-bffb-4f1e6479f06e,gratuity.red,available,11.49,23.49,high,low,8,namesilo,,,21/09/2026 15:50
86ddeee0-f63a-4e80-8b80-5dc27f4c1acc,busily.red,available,9.48,28.48,medium,low,6,namecheap,,,14/09/2026 01:53
59ef088e-e177-4655-8289-7dedc1df2f5a,stepson.red,available,14.99,,high,low,7,name.com,,,
1d4dc6c2-6aef-48d2-a04b-22b01f5dfc37,adit.red,available,11.49,23.49,medium,low,4,namesilo,,,17/09/2026 08:21
d8f52b2e-31e3-49c4-9dc3-23e049095e49,voracious.red,available,9.48,28.48,medium,low,9,namecheap,,,15/08/2026 06:15
3ba274f3-0197-4bda-bcaa-6d2ed9f6ea2c,detestable.red,available,9.48,28.48,medium,low,10,namecheap,,,
585461c6-837e-4f31-9184-c26849b1c0fd,cuteness.red,available,11.49,23.49,high,low,8,namesilo,,,24/09/2026 20:43
2085a507-82f7-4ea8-bc5d-36f021753ad5,rhodesian.red,available,9.48,28.48,high,low,9,namecheap,,,09/09/2026 16:41
676e8437-d03e-477f-89cf-4026133b57a3,intune.red,available,11.49,23.49,high,low,7,namesilo,,,17/09/2026 12:54
ea40708b-80e4-4041-808c-bc1a05433a22,brash.red,available,9.48,28.48,high,low,5,namecheap,,,11/08/2026 02:25
347e148d-9a2e-462d-b4f4-ebedd94d5888,foliose.red,available,9.48,28.48,medium,low,7,namecheap,,,18/08/2026 10:11
d594a032-d6d7-40ba-9e7d-59baa3804345,nth.red,available,9.48,28.48,medium,low,3,namecheap,,,03/09/2026 12:35
40c0a12f-483a-4381-8ef7-3ac62b77c766,wiesbaden.red,available,11.49,23.49,high,low,9,namesilo,,,29/09/2026 14:08
24accb06-7a85-4ac5-bb33-7227455ccb54,wrenching.red,available,9.48,28.48,medium,low,9,namecheap,,,09/09/2026 09:27
8157e04e-9887-40e4-8f67-e796b02645ab,grace.red,available,9.48,28.48,high,medium,5,namecheap,,,24/09/2026 21:11
a131fd9c-bdd5-4f99-bde0-61bc1d590aba,reaching.red,available,11.49,23.49,high,low,8,namesilo,,,20/09/2026 09:16
b069f028-5666-463b-a263-5557209696b4,shuttle.red,available,18.2,18.2,high,low,7,cloudflare,,,27/09/2026 15:53
6bb41052-3c5e-405d-9991-fd36fe99ec07,skirting.red,available,11.49,23.49,high,low,8,namesilo,,,20/09/2026 08:31
559fd0b4-fcc8-4f96-86fa-d8a24b3a8531,arthurian.red,available,9.48,28.48,medium,low,9,namecheap,,,06/08/2026 23:21
7c2f319b-3b73-4673-8863-cb84175d620b,octagonal.red,available,9.48,28.48,high,low,9,namecheap,,,04/09/2026 00:37
84b7ed89-92ad-440e-a313-5b9ab5179a25,quiz.red,available,11,23.49,high,low,4,unstoppable,,,29/09/2026 14:24
271651e6-de9e-4d0e-a886-2ac5a5def88b,renting.red,available,18.2,18.2,high,low,7,cloudflare,,,29/09/2026 13:46
685c10b9-ec6a-4ad5-989a-ae9724cbabc7,coherently.red,available,8.48,18.83,medium,low,10,spaceship,,,28/09/2026 14:06
af54768f-15ec-45ce-b35b-88c201b9887d,milk.red,available,8.24,19.48,high,low,4,dynadot,,,29/09/2026 08:29
ae388267-8c8d-48f6-9a19-c2cb9370b50d,westlake.red,available,14.99,,high,low,8,name.com,,,
3bb61d54-6de3-4002-8642-12062394644f,terribly.red,available,11.49,23.49,medium,low,8,namesilo,,,22/09/2026 15:23
36eaa7a7-8b3e-4eaf-bad1-0a507aa2df1a,adjustment.red,available,9.48,28.48,high,low,10,namecheap,,,18/08/2026 05:52
00421b0a-d352-485a-8ef7-6a395785c0cf,omniscient.red,available,9.48,28.48,high,low,10,namecheap,,,
55e54bdf-6430-4418-86fc-f04e13c1a841,contention.red,available,11.49,23.49,medium,low,10,namesilo,,,20/09/2026 04:48
258a3770-2141-41cb-93a3-d3039e247c8e,requester.red,available,9.48,28.48,medium,low,9,namecheap,,,11/09/2026 03:33
74a6c0b4-ffa7-4eef-9706-838bac488d50,oranges.red,available,18.2,18.2,medium,low,7,cloudflare,,,29/09/2026 23:38
a9765223-27d2-48c1-b2ba-203f7bf326ea,fatherly.red,available,9.48,28.48,high,low,8,namecheap,,,17/08/2026 23:36
099b21b7-879e-4d3e-8942-c3273ae00111,downturn.red,available,11.49,23.49,medium,low,8,namesilo,,,24/09/2026 23:42
20f75fa0-563d-4ccd-809e-dbcb4a8206b2,batteries.red,available,11.49,23.49,medium,low,9,namesilo,,,27/09/2026 23:45
13d01a76-dddc-416f-8906-b07925979684,physicians.red,available,8.48,18.83,high,low,10,spaceship,,,30/09/2026 00:16
ef01eea4-02ed-4286-9b77-57e9cb6d5b66,carved.red,available,9.48,28.48,high,low,6,namecheap,,,11/08/2026 19:57
3f472939-363e-4ed9-bed5-4dbdb2d37a7b,meshed.red,available,9.48,28.48,medium,low,6,namecheap,,,24/08/2026 20:57
905107ae-b257-4140-b344-6c4ba49f4d9f,helped.red,available,9.48,28.48,medium,low,6,namecheap,,,25/09/2026 18:33
4f127c92-43a9-4bf3-8b6c-2fbb088c4c29,batiste.red,available,9.48,28.48,medium,low,7,namecheap,,,22/09/2026 14:05
14d905ba-2358-4e79-afee-f6328cd97402,tewkesbury.red,available,11.49,23.49,medium,low,10,namesilo,,,22/09/2026 16:07
fdd6a365-d2b7-4231-b5f0-7d718290a10b,anuran.red,available,9.48,28.48,medium,low,6,namecheap,,,05/08/2026 20:48
9c157b90-de3b-494e-b5ae-f409f73b0bd4,amphibious.red,available,9.48,28.48,medium,low,10,namecheap,,,
865dd2b2-2547-4204-ab2e-81ef7ee1d5a2,benumb.red,available,9.48,28.48,medium,low,6,namecheap,,,03/09/2026 22:47
946784ce-b8e7-438f-adb3-619e11f33d6b,gerard.red,available,11.49,23.49,high,low,6,namesilo,,,25/09/2026 13:17
5650c771-a96a-4ca5-8e00-189a09a223b3,panels.red,available,9.48,28.48,medium,low,6,namecheap,,,19/09/2026 23:14
44526631-eae4-4ae6-a4f9-85ffdbe1bdfb,donner.red,available,18.2,18.2,medium,low,6,cloudflare,,,29/09/2026 20:47
76fdd21c-80a1-4d58-bc2c-efd852ac9b2b,twinning.red,available,9.48,28.48,high,low,8,namecheap,,,10/08/2026 04:17
6a4bbc22-de78-41fb-8027-6a0a0aeb3c5c,weaving.red,available,8.24,19.48,high,low,7,dynadot,,,29/09/2026 14:07
7bea4d13-1528-43f3-b164-ac039e5a87b8,emeer.red,available,9.48,28.48,medium,low,5,namecheap,,,18/09/2026 18:00
97ec932f-c046-4629-bc50-939c00dc4dbb,membership.red,available,9.48,28.48,high,low,10,namecheap,,,28/09/2026 06:23
fadf0fa4-661d-4d0c-8485-31d8346b7aa4,massachusetts.red,premium,78.54,78.54,medium,low,13,namesilo,,,28/09/2026 11:48
036cded2-5652-4a2e-b66b-a1566942e88e,marihuana.red,available,8.48,18.83,high,low,9,spaceship,,,29/09/2026 06:39
71fd4ca4-464a-4897-a975-78bf4a449798,visual.red,available,9.48,28.48,high,low,6,namecheap,,,19/09/2026 17:59
6829727a-702a-4fbc-b528-f89a7a57197b,juridic.red,available,9.48,28.48,medium,low,7,namecheap,,,22/08/2026 14:42
72fc3b00-1d9d-4b2c-92c2-9720c4e53d3f,aggression.red,available,11.49,23.49,medium,low,10,namesilo,,,17/09/2026 17:29
8fbbaa75-4a48-42b8-a1f4-a639dc99826a,beady.red,available,9.48,28.48,medium,low,5,namecheap,,,09/08/2026 03:23
41f7391b-8115-4174-b88a-37370169267b,crowing.red,available,9.48,28.48,medium,low,7,namecheap,,,10/08/2026 16:37
72d46f77-8c00-4b8d-8430-62ffbe77cf75,lacrimal.red,available,9.48,28.48,medium,low,8,namecheap,,,22/08/2026 17:57
6a0ff992-b821-41d9-ae12-15d146e3d8e3,disgrace.red,available,11.49,23.49,high,low,8,namesilo,,,29/09/2026 15:44
0c3a803b-8f4c-458f-943a-e8a5617377e5,obsessive.red,available,9.48,28.48,high,low,9,namecheap,,,25/09/2026 23:45
c1ec8ff7-b1d3-417f-9bc8-14789fa15f6b,wisely.red,available,9.48,28.48,high,low,6,namecheap,,,16/09/2026 00:29
500ca43c-5380-4d14-a4e8-7732b04f389f,fatality.red,available,14.99,39.99,medium,low,8,godaddy,,,30/09/2026 01:36
23625dd8-1d9a-4755-962b-acbbd0a49c60,headed.red,available,9.48,28.48,high,low,6,namecheap,,,21/08/2026 01:51
4d40bb3e-b82a-4e2f-8bf2-16e95a2d3924,abeyance.red,available,11.49,23.49,medium,low,8,namesilo,,,16/09/2026 15:20
7d8b6b58-77e5-4835-9758-1fc0fc7f50c6,cantabile.red,available,9.48,28.48,high,low,9,namecheap,,,11/08/2026 17:38
2feb814b-1ad7-4fc8-a302-da29352343de,grinning.red,available,8.48,18.83,high,low,8,spaceship,,,27/09/2026 23:14
acea0669-f620-4554-9439-bf2cc721f0a5,netherlands.red,available,,,high,high,11,,,,
649df6bd-ecb8-4de4-95b1-7968858d1c18,chooses.red,available,8.48,18.83,low,low,7,spaceship,,,28/09/2026 18:06
157d9cf7-fc60-46dc-a39b-e1017d30e344,filming.red,available,8.48,18.83,high,low,7,spaceship,,,29/09/2026 09:15
2ea9078e-8319-46b2-9852-b57676bc3fd2,basically.red,available,8.24,19.48,medium,low,9,dynadot,,,28/09/2026 13:22
de5a78f7-2747-4692-bb80-98a2048810e2,bursal.red,available,9.48,28.48,medium,low,6,namecheap,,,11/08/2026 11:04
cdd73ff2-a5f9-4067-a3f7-8c1cbdca6fdb,brownie.red,available,8.48,18.83,high,low,7,spaceship,,,29/09/2026 04:38
7c07c63a-4839-412d-9022-8179b9423903,expecting.red,available,14.99,,high,low,9,name.com,,,
12ea3e8f-0be7-45d9-9d91-a0a64081d40b,jumping.red,available,9.48,28.48,high,low,7,namecheap,,,08/09/2026 06:49
755c51f7-f9d6-4506-8b40-17b14f47aba8,anabaptist.red,available,11.49,23.49,medium,low,10,namesilo,,,19/09/2026 00:49
7fc52a46-6e1c-447a-9cbc-1530e5105342,basel.red,available,9.48,28.48,high,medium,5,namecheap,,,22/09/2026 10:13
f7a1db44-2d66-4ed9-b74b-bc28775ca4b7,casserole.red,available,9.48,28.48,high,low,9,namecheap,,,24/09/2026 13:04
1ae7b784-ad70-40ab-aed8-e9c31621561e,southampton.red,available,11.49,23.49,high,low,11,namesilo,,,25/09/2026 14:27
8a18a157-15ae-4bca-a6a0-49900e97ccd2,epistolary.red,available,9.48,28.48,high,low,10,namecheap,,,17/08/2026 11:14
15875fa8-5fc5-466c-837b-74cb84be2bc2,houston.red,premium,1107,1107,high,low,7,namesilo,,,27/09/2026 04:28
f07979fb-4803-4e5d-9b74-0bc99b741815,therefore.red,available,11,,medium,low,9,unstoppable,,,28/09/2026 15:07
6e518b7e-695f-42ca-893e-75868e7a2a0b,inpatient.red,available,11.49,23.49,medium,low,10,namesilo,,,20/09/2026 21:46
a00eb9fb-a5b7-4f3d-aa55-1a4522c88803,egocentric.red,available,9.48,28.48,medium,low,10,namecheap,,,15/08/2026 19:41
129d3cfe-d1a5-464f-b110-6951c5ff0cfa,genetical.red,available,9.48,28.48,medium,low,9,namecheap,,,18/08/2026 21:37
7dea2956-a35d-488b-a4a1-da1d1899a028,pilgrims.red,available,8.48,18.83,medium,low,8,spaceship,,,29/09/2026 11:05
0fc0719a-d824-4018-a412-f4c5ebff025c,chartres.red,available,9.48,28.48,medium,low,8,namecheap,,,29/09/2026 11:53
3a486e78-8896-456d-9657-c23b66c16009,chalybeate.red,available,9.48,28.48,medium,low,10,namecheap,,,12/08/2026 01:32
bb3d92dd-2a6a-4e1a-a623-8ef483e98e49,narratives.red,available,11.49,23.49,medium,low,10,namesilo,,,20/09/2026 10:13
19c85b9a-be50-4713-b42e-4c36b7fada87,cinderella.red,available,11.49,23.49,high,low,10,namesilo,,,29/09/2026 09:13
593a175e-211b-4577-be96-d9015585c70c,gallantly.red,available,9.48,28.48,medium,low,9,namecheap,,,14/09/2026 06:45
eb23b5f3-b0bf-46da-b2a0-f54eceb32d0d,possibly.red,available,11,,medium,low,8,unstoppable,,,28/09/2026 16:14
8a6c0b3f-015a-4f32-9a09-3b4d18401570,abridger.red,available,9.48,28.48,medium,low,8,namecheap,,,16/09/2026 14:35
a67418cd-47b9-4fe1-be01-d57596d04fcd,augean.red,available,9.48,28.48,medium,low,6,namecheap,,,07/08/2026 16:54
ddef3413-8e2f-48ba-96dc-198cb2d6a167,hyman.red,available,11.49,23.49,medium,low,5,namesilo,,,28/09/2026 16:48
fa70c6c0-b6ac-476e-867f-abf79eb3f719,champ.red,available,9.48,28.48,high,low,5,namecheap,,,12/08/2026 01:35
34811903-08af-4406-ae82-5da475590e6b,reinforce.red,available,8.48,18.83,high,low,9,spaceship,,,29/09/2026 20:46
f6d1a11d-fd18-4f5a-8ae6-5aa8dfd71123,mcgraw.red,available,11,,medium,low,6,unstoppable,,,28/09/2026 06:05
05ae7ab6-bb1c-452e-bac5-46256564aa02,glorious.red,available,9.48,28.48,high,low,8,namecheap,,,20/08/2026 14:48
8147924c-79fa-4587-8483-7bade1a1b667,runner.red,available,11.49,23.49,high,low,6,namesilo,,,21/09/2026 22:22
394c6892-1d81-460f-93f3-77b2967bb047,gaspar.red,available,18.2,18.2,high,low,6,cloudflare,,,29/09/2026 18:14
88f8b8e7-58b1-4594-ae25-b49b97436332,informally.red,available,18.2,18.2,medium,low,10,cloudflare,,,28/09/2026 14:09
0ab25a75-8827-4c56-9bae-62ffa1749cc3,neill.red,available,11.49,23.49,medium,low,5,namesilo,,,28/09/2026 23:29
7d6eefe1-7875-4c71-b555-ce8936768633,starred.red,available,9.48,28.48,medium,low,7,namecheap,,,07/08/2026 08:52
530c1ee4-ffb0-4591-97c9-675f45590755,beams.red,available,8.24,19.48,medium,low,5,dynadot,,,28/09/2026 23:32
7a3dccc9-65f8-4673-8a39-778d0e122ef3,mohammedan.red,available,9.48,28.48,medium,low,10,namecheap,,,25/08/2026 03:23
749d965d-0e20-4268-93d7-a34d27b166a4,initials.red,available,8.24,19.05,high,low,8,porkbun,,,28/09/2026 08:37
1564457b-b284-4b28-aea5-183129abc922,examiner.red,available,11.49,23.49,medium,low,8,namesilo,,,28/09/2026 14:05
0017c99a-f3b2-4bb6-842b-286e47b02394,apocalypse.red,available,9.48,28.48,medium,low,10,namecheap,,,19/09/2026 18:10
487a75dd-c086-4d2c-ab50-da633cfea63f,merrick.red,available,8.48,18.83,high,low,7,spaceship,,,28/09/2026 16:40
476e15da-94e8-4daa-8161-fa362aca35ae,reliability.red,available,11.49,23.49,high,low,11,namesilo,,,28/09/2026 04:00
e3b3cc97-6333-4e32-a75f-939bec4ccc5f,praise.red,available,11.49,23.49,high,low,6,namesilo,,,29/09/2026 10:58
96886576-6ad7-4946-8faf-60533e4c6042,angled.red,available,9.48,28.48,high,low,6,namecheap,,,
e8d3a7fb-e620-4286-8f9f-43aaa0c8a340,peel.red,available,14.99,,high,low,4,name.com,,,
dba3d4a8-135a-43d3-8d28-f4f599122efb,evaluation.red,available,8.48,18.83,high,low,10,spaceship,,,28/09/2026 02:31
f852f8d9-eda8-470a-bd98-acabf2cd2daa,marjorie.red,available,8.48,18.83,high,low,8,spaceship,,,29/09/2026 04:00
40c4ff31-a67e-42dc-836f-1249ce5b4652,astragal.red,available,11.49,23.49,high,low,8,namesilo,,,19/09/2026 09:44
182876a3-9b71-4c39-9acf-55fc1af96d42,bearing.red,available,9.48,28.48,high,low,7,namecheap,,,22/09/2026 18:34
c42eca3f-0224-473d-8b5e-6fd5928e5532,lambeth.red,available,8.48,18.83,medium,low,7,spaceship,,,29/09/2026 04:58
7811c6ba-a9bf-4777-9413-bd54831034cb,scroll.red,available,9.48,28.48,high,low,6,namecheap,,,24/09/2026 20:30
e58c9c92-99f7-43cc-94fb-8f2ef47817f7,homecoming.red,available,8.48,18.83,high,low,10,spaceship,,,28/09/2026 19:27
de202102-7e80-455e-920f-5c6c72d8be40,coccoid.red,available,9.48,28.48,medium,low,7,namecheap,,,12/08/2026 14:41
b22bf946-623c-44f0-b9eb-2d5ddff6dca5,softness.red,available,11.49,23.49,high,low,8,namesilo,,,21/09/2026 23:37
77833100-6d84-4952-8e5b-506484e53759,repulsive.red,available,9.48,28.48,medium,low,9,namecheap,,,
79af3409-d829-47e9-a314-dbdecbe94461,survive.red,available,9.48,28.48,high,low,7,namecheap,,,25/09/2026 11:10
6618726f-4796-47a1-89da-44d1b9f6ea3d,volvo.red,available,14.99,,high,low,5,name.com,,,
a5193cef-02db-48cc-93a8-7b4d6b5f6338,fixtures.red,available,11,,medium,low,8,unstoppable,,,30/09/2026 00:04
af6f9f2e-e08c-43f0-8b1d-0e374978fd62,bonaparte.red,available,11.49,23.49,medium,low,9,namesilo,,,25/09/2026 00:27
9d8d5c38-9944-4084-b444-76c957e0d304,leaving.red,available,9.48,28.48,high,low,7,namecheap,,,24/09/2026 22:37
c1b5f296-625f-4bc6-9fe6-17ee6e0647e1,beltway.red,available,11.49,23.49,high,low,7,namesilo,,,23/09/2026 07:15
ead0c99d-bab6-4b59-bfd6-f7f7d6299c28,sportive.red,available,9.48,28.48,medium,low,8,namecheap,,,12/08/2026 18:10
50993db5-8da1-4463-924a-f1bea27debce,barky.red,available,9.48,28.48,medium,low,5,namecheap,,,08/08/2026 19:46
9eb83a87-8581-4829-8934-13231a3479bf,dainty.red,available,14.99,29.99,high,low,6,name.com,,,13/08/2026 15:40
2485b87d-03aa-401a-b38a-2aa7c096def5,pittsburgh.red,premium,78.54,78.54,high,low,10,namesilo,,,
2ebad0a0-38b9-44cb-874f-73bf6e791f4b,vere.red,available,18.2,18.2,medium,low,4,cloudflare,,,29/09/2026 04:28
8502fada-0898-44f1-9c55-52ac4431bf48,parties.red,available,11.49,23.49,high,low,7,namesilo,,,17/09/2026 10:18
5de87819-e21b-4d01-8111-be20249e5ea9,bubbling.red,available,9.48,28.48,high,low,8,namecheap,,,11/08/2026 07:15
e31e9861-75e1-4ceb-8f04-e3ddd036f5db,pornography.red,available,11,,medium,low,11,unstoppable,,,28/09/2026 12:37
8ec141c3-d6b5-4709-ba2f-7e5088e40e6c,kenaf.red,available,11.49,23.49,medium,low,5,namesilo,,,23/09/2026 16:55
c8534376-3a64-471d-bf17-9d8406c0d0bb,rethink.red,available,9.48,28.48,high,low,7,namecheap,,,17/09/2026 15:53
6fc92470-f507-4805-8a21-87f36bc1da8f,fiddling.red,available,9.48,28.48,medium,low,8,namecheap,,,18/08/2026 03:28
0be9ff03-1593-45fa-a409-b21506905b73,macmillan.red,available,11.49,23.49,high,low,9,namesilo,,,25/09/2026 12:59
ca6fd2f5-c150-465e-9c57-d08db7fe4819,tog.red,available,9.48,28.48,high,low,3,namecheap,,,19/09/2026 20:00
c8bce1c6-8593-4c62-af09-53cffb499c44,chronicle.red,available,11.49,23.49,high,low,9,namesilo,,,16/09/2026 23:05
ffe0fbc3-36bc-4188-a6ae-20ce813f101e,insouciant.red,available,9.48,28.48,medium,low,10,namecheap,,,11/08/2026 20:34
057c44e4-1e4b-4e9e-bb85-db1dc404b59d,collarless.red,available,9.48,28.48,medium,low,10,namecheap,,,12/08/2026 16:40
34e34edf-6940-4d30-bd26-948e8cc1545f,oats.red,available,11.49,23.49,medium,low,4,namesilo,,,29/09/2026 16:28
33966feb-8f15-40bd-8657-d822a43e686b,incidence.red,available,8.48,18.83,high,low,9,spaceship,,,29/09/2026 23:46
4831ebcf-40b2-4064-b322-58ef96a7e9bb,backrest.red,available,11.49,23.49,high,low,8,namesilo,,,21/09/2026 15:47
4493b5cc-4f7d-4180-842e-27cfe10a1c84,offended.red,available,9.48,28.48,medium,low,8,namecheap,,,04/09/2026 01:24
aeb7db95-312b-436e-b7c4-7e13223190ca,fractional.red,available,9.48,28.48,high,low,10,namecheap,,,18/08/2026 13:52
dbb23d65-045f-4e23-ab39-a5c4bba1bdac,beaut.red,available,11.49,23.49,high,low,5,namesilo,,,22/09/2026 22:16
5452b568-bb22-4124-b43a-23d9c2a1a0b0,kechua.red,available,9.48,28.48,medium,low,6,namecheap,,,22/08/2026 15:23
3b8988cf-4f93-46a2-a17b-057e8f3c9842,retreat.red,available,11.49,23.49,high,low,7,namesilo,,,29/09/2026 11:58
643d6cf5-167c-4141-b1a8-63232d900d00,feature.red,available,11.49,23.49,high,low,7,namesilo,,,23/09/2026 13:48
67a72828-1a9b-4cd8-a57d-0c49f3c1282d,legitimize.red,available,9.48,28.48,high,low,10,namecheap,,,04/09/2026 05:07
d680884d-3592-4dc8-8345-9c370e1083bd,ribbed.red,available,9.48,28.48,high,low,6,namecheap,,,13/08/2026 03:08
f6dacaf3-6677-4b77-874c-424b06ab6c3b,stocks.red,available,8.48,18.83,high,low,6,spaceship,,,28/09/2026 06:47
854abaa1-ed04-4902-a0be-f0ca0de6a7ad,leia.red,available,14.99,,high,low,4,name.com,,,
29e93e07-023e-4dbc-b446-709fd7ead921,sinai.red,available,11.49,23.49,high,low,5,namesilo,,,25/09/2026 09:30
42b07f3e-d142-4f4b-b81e-faae6e53ce93,mathew.red,available,8.24,19.05,medium,low,6,porkbun,,,28/09/2026 16:30
5bcdc2e4-c6e8-4ef6-adef-85337cd6eac8,voting.red,available,11.49,23.49,high,low,6,namesilo,,,29/09/2026 00:48
b80a3454-9b81-433b-837e-a4393806af44,heckler.red,available,9.48,28.48,medium,low,7,namecheap,,,21/09/2026 17:11
ec583899-ea30-49a3-85e9-884abd13244a,sufferer.red,available,9.48,28.48,medium,low,8,namecheap,,,24/09/2026 22:36
2f549824-4832-46b5-ac75-ea5b92acb213,conflicted.red,available,14.99,,medium,low,10,name.com,,,
56038315-bb3f-48ec-8b89-dc23b55aba2b,pergamon.red,available,18.2,18.2,medium,low,8,cloudflare,,,29/09/2026 22:24
6bad9a31-6550-4ee7-931b-151ced21fec9,azolla.red,available,11.49,23.49,high,low,6,namesilo,,,21/09/2026 11:19
bc1d5719-2417-4f96-beca-6ed7bddcf003,plus.red,resell,,,high,medium,4,"Xiamen ChinaSource Internet Service Co., Ltd",14/04/2025 15:15,14/04/2027 15:15,27/09/2026 04:17
d2595d9d-2a3d-43e0-bc01-a319820c03aa,changeover.red,available,14.99,,high,low,11,name.com,,,
41f39cd9-e82b-454a-839d-bfae1d1c919d,downfall.red,available,9.48,28.48,medium,low,8,namecheap,,,24/09/2026 23:39
396bc3ab-cc04-454a-aa15-c90e3a3866f6,scanner.red,available,8.48,18.83,high,low,7,spaceship,,,28/09/2026 18:57
60e987bd-f64d-4f20-b023-d2eab7d531df,features.red,available,11.49,23.49,medium,low,8,namesilo,,,28/09/2026 12:52
486c4cac-cce8-4982-9628-63f59af06d0f,anglesey.red,available,11.49,23.49,high,low,8,namesilo,,,19/09/2026 06:27
268cb8b7-9adf-4ffd-93a9-51867654c48e,vegetation.red,available,11.49,23.49,high,low,10,namesilo,,,29/09/2026 11:45
cf007a0e-6df8-4a34-ad79-7826905ca4dc,dropping.red,available,9.48,28.48,high,low,8,namecheap,,,14/08/2026 19:47
d3fac5ec-f0d2-409c-b070-b53a8f954463,victuals.red,available,9.48,28.48,medium,low,8,namecheap,,,12/08/2026 18:52
43c4496b-7e19-44c5-bb8a-e3eca2b28996,isabelle.red,available,8.24,19.05,high,low,8,porkbun,,,28/09/2026 07:42
70835cfa-1529-4e8d-97d5-54e95a1e97fd,antigen.red,available,11.49,23.49,high,low,7,namesilo,,,19/09/2026 14:24
015a3678-fb36-4a44-96ee-c727c956046d,takeover.red,available,8.24,19.48,high,low,8,dynadot,,,28/09/2026 18:48
c61f6601-ea53-4b2d-82ef-65ce24baf7ee,armoured.red,available,9.48,28.48,high,low,8,namecheap,,,06/08/2026 20:10
07bb2a3b-5ea4-48a9-92da-93e6cf7c1e92,threat.red,available,14.99,,high,low,6,name.com,,,
df37dbf0-2471-4aed-8664-f8921a66f6bb,undressed.red,available,9.48,28.48,high,low,9,namecheap,,,12/09/2026 00:51
b1ccb7c8-86f4-4b68-8a6e-4d1d51e86263,louie.red,available,11.49,23.49,high,low,5,namesilo,,,28/09/2026 11:43
eb45c0fc-de85-481a-8654-2b6520cff88d,salamanca.red,available,11,,medium,low,9,unstoppable,,,28/09/2026 16:27
f13e82fe-d0d7-498b-8740-9aa9a68b1d76,flyaway.red,available,9.48,28.48,high,low,7,namecheap,,,18/08/2026 08:13
dcb0d7f9-8007-457d-821d-c326c6921f0b,feasible.red,available,9.48,28.48,high,low,8,namecheap,,,17/08/2026 16:48
84a3cdcd-63f5-4d17-ac8d-5113129d0759,conversely.red,available,9.48,28.48,medium,low,10,namecheap,,,14/09/2026 08:37
67c684fc-64dc-46f5-8a06-a28634775dad,alkyne.red,available,11.49,23.49,medium,low,6,namesilo,,,17/09/2026 00:25
3fa966cc-60be-4483-9cbe-9ea93ab53e00,narayan.red,available,11.49,23.49,medium,low,7,namesilo,,,29/09/2026 15:24
ad445819-bb25-452f-be17-93bf928df5ce,calculable.red,available,9.48,28.48,medium,low,10,namecheap,,,11/08/2026 13:54
1168926a-b9af-408d-a380-c9a0685717a6,vesture.red,available,9.48,28.48,high,low,7,namecheap,,,13/09/2026 09:02
3dbd46de-1222-4ffd-8f9a-7c81a181474d,defective.red,available,9.48,28.48,medium,low,9,namecheap,,,13/08/2026 23:06
74f3bac8-c090-4f80-82cd-e0731aaa0ee7,thundery.red,available,14.99,29.99,medium,low,8,name.com,,,13/08/2026 19:58
be8e72a9-f566-4846-b23d-d0df84b79aa5,checking.red,available,11.49,23.49,high,low,8,namesilo,,,25/09/2026 12:11
8c385c41-1ce6-4dcf-8eb3-b5ac8e696c89,merchandise.red,available,9.48,28.48,high,low,11,namecheap,,,28/09/2026 03:28
d990ce92-b52f-4b83-910d-8f32c217fe2a,anhydrous.red,available,9.48,28.48,medium,low,9,namecheap,,,
03a48a76-5254-44dc-81de-ebd424c72706,sst.red,premium,72.6,72.6,high,low,3,dynadot,,,29/09/2026 21:43
ca4e5b36-735d-4554-8af8-77eb9ab3d6e3,cir.red,available,11,,high,low,3,unstoppable,,,29/09/2026 09:07
19931cd4-90cc-40aa-9164-f74cc4e60f9b,rash.red,available,9.48,28.48,medium,low,4,namecheap,,,18/08/2026 10:31
392277b4-c59b-45b3-936f-9bfe9191bff0,relativity.red,available,11,,high,low,10,unstoppable,,,29/09/2026 12:09
4a5f9af0-13e6-400d-bd77-9ec509ec8b64,olibanum.red,available,11.49,23.49,medium,low,8,namesilo,,,16/09/2026 09:03
e898c013-0b29-4a58-a2d8-0859b9562672,cousin.red,available,9.48,28.48,high,low,6,namecheap,,,24/09/2026 18:49
05119002-2185-4f0c-b0a4-5376b8baed04,delicately.red,available,9.48,28.48,high,low,10,namecheap,,,14/09/2026 11:25
eceb650e-0675-4454-b8a8-cc2a390b2369,continent.red,available,9.48,28.48,high,low,9,namecheap,,,11/08/2026 23:26
7cf70e5d-5af9-42f6-8904-7cd1b2c90b33,samarium.red,available,11.49,23.49,medium,low,8,namesilo,,,20/09/2026 23:24
12b05323-bb0a-49ef-8b8a-563ade479a10,personalities.red,available,11.49,23.49,medium,low,13,namesilo,,,29/09/2026 00:05
9b4f93df-6564-42b5-a22a-4be6eba53ca1,ohio.red,premium,621.2,621.2,high,low,4,spaceship,,,29/09/2026 04:57
091d4910-e506-418c-80ca-3a34b97827c1,powerfully.red,available,9.48,28.48,high,low,10,namecheap,,,15/09/2026 21:10
30606d55-479c-4b4e-a5b3-db126560b855,perfidious.red,available,9.48,28.48,medium,low,10,namecheap,,,08/09/2026 16:31
19c8ce99-ebd9-432a-9ff3-3452589aabb0,algal.red,available,9.48,28.48,high,low,5,namecheap,,,
6da43463-145f-4f58-bcac-d01565b735cb,cultural.red,available,9.48,28.48,high,low,8,namecheap,,,13/08/2026 10:15
b21d868d-38d3-492b-ba1f-ee337b97febe,fecund.red,available,9.48,28.48,medium,low,6,namecheap,,,18/08/2026 00:34
18188b5f-63be-45c9-b0f4-9940e57f55be,gmt.red,available,11.49,23.49,high,low,3,namesilo,,,28/09/2026 14:18
c11339ec-e55a-4289-bd2c-455de0d4a89a,sweltering.red,available,9.48,28.48,high,low,10,namecheap,,,11/09/2026 05:40
355d4a6c-0669-448c-8209-52687ca35fea,landed.red,available,9.48,28.48,high,low,6,namecheap,,,22/08/2026 19:22
e553727d-027b-489a-a628-415fd49bc410,gardens.red,available,8.48,18.83,medium,low,7,spaceship,,,28/09/2026 13:13
0caccc25-283c-4ae8-a674-d3ba5dbdd86f,sentence.red,available,8.48,18.83,high,low,8,spaceship,,,30/09/2026 01:02
b5dca616-07a4-4876-9f06-40e9e68c761a,thrilled.red,available,9.48,28.48,high,low,8,namecheap,,,11/09/2026 14:36
b5f01c6a-439e-4014-9f69-f92b9887720b,ancestor.red,available,9.48,28.48,high,low,8,namecheap,,,
863bfc57-dc6d-4fda-89b0-5c689065f3e0,normality.red,available,14.99,,high,low,9,name.com,,,
aa28c522-7238-427f-b0db-5509c0f38104,population.red,available,11.49,23.49,high,low,10,namesilo,,,27/09/2026 05:04
6940a24c-78b5-4106-a425-edf401f52e82,registered.red,available,11.49,23.49,high,low,10,namesilo,,,27/09/2026 11:32
87b2c66d-299d-4212-9807-d772f4ceb7f0,estranged.red,available,9.48,28.48,medium,low,9,namecheap,,,17/08/2026 13:30
2feee1d9-a1d4-4039-9410-a126f70a0bcb,traded.red,available,11.49,23.49,medium,low,6,namesilo,,,29/09/2026 04:46
75a878dd-17aa-4f06-b0c5-8afd8fb89ae3,replaces.red,available,11.49,23.49,medium,low,8,namesilo,,,20/09/2026 05:35
35d80097-e92a-45d1-9173-c3183d25dcce,insulin.red,available,11,,high,low,7,unstoppable,,,29/09/2026 19:20
cc1d808e-4d2f-40be-be3c-8776b0ca7545,tycoon.red,available,11.49,23.49,high,low,6,namesilo,,,23/09/2026 14:18
014d826a-6bb7-4cc7-8e69-ccd753504a5c,reputably.red,available,9.48,28.48,medium,low,9,namecheap,,,15/09/2026 23:17
f3eb3228-224a-4e35-b4b9-4d55c86a60dc,plenty.red,available,9.48,28.48,high,low,6,namecheap,,,17/08/2026 09:49
a1244548-6db0-4b60-835d-4fb4fb7e43ab,famished.red,available,9.48,28.48,medium,low,8,namecheap,,,17/08/2026 13:41
dbc7266d-748d-48a9-b1f9-b653b533cc1f,lighter.red,available,11.49,23.49,high,low,7,namesilo,,,22/09/2026 05:44
015bb8c2-bdfb-44d4-89cf-cbbb2eb54013,disulfiram.red,available,11.49,23.49,medium,low,10,namesilo,,,19/09/2026 12:22
7d589f18-ce27-411c-bd2f-047cf5654bf8,missional.red,available,9.48,28.48,medium,low,9,namecheap,,,25/08/2026 01:50
678eab52-575c-49fd-b7df-1b74d2406297,vascular.red,available,9.48,28.48,medium,low,8,namecheap,,,13/09/2026 01:33
488a7479-8c0d-47ef-abb2-ee4ae0c53ccd,competitors.red,available,9.48,28.48,high,low,11,namecheap,,,29/09/2026 11:34
d4762846-8559-4cb2-9496-fb854d62cb42,compilers.red,available,14.99,,medium,low,9,name.com,,,
eac44560-f8fd-48f9-92d6-45e30edbc829,maxine.red,available,9.48,28.48,medium,low,6,namecheap,,,28/09/2026 22:02
d11706c2-f975-4356-9588-1f7753b752bc,larger.red,available,9.48,28.48,high,low,6,namecheap,,,22/09/2026 20:38
9ef2ec82-e4a2-467f-9ac1-ae4e1b61097d,federalism.red,available,11.49,23.49,high,low,10,namesilo,,,29/09/2026 12:14
c3ee12fe-b527-424e-bedd-975207189731,madeline.red,available,8.48,18.83,high,low,8,spaceship,,,29/09/2026 03:55
3e2028ce-f3d3-49ce-a308-da154b8cad76,unsaved.red,available,9.48,28.48,medium,low,7,namecheap,,,12/09/2026 17:57
400c7897-f1e8-4c68-982a-267e81e53a45,thieves.red,available,11.49,23.49,medium,low,7,namesilo,,,16/09/2026 11:41
9bbb341f-08e4-435f-b7e9-46b29458800e,verdict.red,available,9.48,28.48,high,low,7,namecheap,,,27/09/2026 03:56
7b224ecb-a66b-4af1-a415-69c5e8b32a84,doi.red,available,14.99,39.99,high,low,3,godaddy,,,28/09/2026 01:47
99ca26c6-e460-45f4-93d8-1f0dfb44fa82,passive.red,available,11.49,23.49,high,low,7,namesilo,,,27/09/2026 02:56
1a806da0-abc2-4a68-ad03-678c9d5ec2c5,thoreau.red,available,11,,high,low,7,unstoppable,,,29/09/2026 13:02
9d05c254-69ee-4474-937c-43d61290e175,diachronic.red,available,9.48,28.48,medium,low,10,namecheap,,,14/08/2026 05:38
0ea205b9-a4f8-438a-b203-4e65c55445db,wittingly.red,available,9.48,28.48,medium,low,9,namecheap,,,15/09/2026 10:32
fce15925-5df1-4617-8634-0d935c1b1a93,cedric.red,available,18.2,18.2,high,low,6,cloudflare,,,29/09/2026 11:42
18e24a6c-9e46-4c6f-8257-d30ad776c7eb,didnt.red,available,14.99,,medium,low,5,name.com,,,
e83d48db-82a2-497b-8b9b-12098f3ab6a0,surfers.red,available,9.48,28.48,medium,low,7,namecheap,,,20/09/2026 02:01
d2dbde16-2cbb-4bfd-9c68-557706e6561a,grassroots.red,available,9.48,28.48,high,low,11,namecheap,,,20/08/2026 18:16
1ae22fac-5d21-4a78-a453-041413076dc8,feminine.red,available,11.49,23.49,high,low,8,namesilo,,,24/09/2026 17:35
edc8ca08-be49-44c4-b58d-fffd89b12b58,condemned.red,available,8.48,18.83,medium,low,9,spaceship,,,28/09/2026 17:15
68b3bb53-247f-43dc-be62-735bc1840343,sister.red,available,11.49,23.49,high,low,6,namesilo,,,26/09/2026 00:18
73c2a71f-4b89-490e-a9e9-0b9eae72f65d,relentless.red,available,9.48,28.48,high,low,10,namecheap,,,20/08/2026 20:05
046e42f8-f50a-498e-ae88-c05cac910144,managerial.red,available,9.48,28.48,high,low,10,namecheap,,,24/08/2026 14:32
cacf0a6c-f207-45ae-8f00-1712d7788dc1,mottled.red,available,14.99,29.99,high,low,7,name.com,,,13/08/2026 17:41
87065485-df9f-48ee-875c-d39fafa38ca5,liveness.red,available,11.49,23.49,high,low,8,namesilo,,,19/09/2026 09:04
a53ac8bc-5080-452f-8f71-4337dde843b0,stare.red,available,11.49,23.49,high,low,5,namesilo,,,28/09/2026 09:52
91ea3ecc-391a-4d13-aced-b79b491efbc9,visualise.red,available,9.48,28.48,high,low,9,namecheap,,,24/09/2026 16:40
f70acf80-fdc8-4339-a57f-62ca77177e95,orbiter.red,available,9.48,28.48,high,low,7,namecheap,,,09/09/2026 21:35
7afb79d1-643c-4734-9799-4a2fdcc5a190,hauled.red,available,11,,medium,low,6,unstoppable,,,30/09/2026 00:24
7d5aeffb-b844-48e8-bb28-1afd40b1b18f,uppsala.red,available,11,,medium,low,7,unstoppable,,,28/09/2026 11:02
3646416c-752e-4746-b1a0-380dd179cd50,carl.red,available,11.49,23.49,high,medium,4,namesilo,,,25/09/2026 11:30
f76c3411-0721-41e2-bbfd-0e35435b09a4,omar.red,available,11.49,23.49,high,low,4,namesilo,,,25/09/2026 15:21
3b49f427-5fd9-4d92-b913-ba7b5229a185,hertford.red,available,8.48,18.83,medium,low,8,spaceship,,,29/09/2026 22:01
6b91bca7-ce13-4bf0-98a1-4ff6286c9054,cornelia.red,available,8.48,18.83,medium,low,8,spaceship,,,28/09/2026 07:53
db77691d-72c8-4e47-9f85-a367a10b9649,pubescent.red,available,9.48,28.48,high,low,9,namecheap,,,09/09/2026 05:15
774f924d-9e8c-4f1e-8bb1-079d207ecd27,arsine.red,available,9.48,28.48,medium,low,6,namecheap,,,20/09/2026 09:42
80b3a01c-89fa-4bb3-8fa0-8c3e83d22c58,goddard.red,available,11.49,23.49,medium,low,7,namesilo,,,30/09/2026 01:46
324e1e08-8834-4187-a91c-f7585ca588d9,kinglike.red,available,9.48,28.48,medium,low,8,namecheap,,,22/08/2026 16:19
7cccd535-e408-4935-9709-fc118aaad816,bisexual.red,available,9.48,28.48,high,low,8,namecheap,,,10/08/2026 06:14
0810419a-0d47-402c-8ac2-8b7462646bb8,bitch.red,available,9.48,28.48,high,low,5,namecheap,,,23/09/2026 00:22
097f2d0f-3864-49e1-aa44-e95751aef115,cruel.red,available,9.48,28.48,high,low,5,namecheap,,,22/09/2026 17:21
9c15b18a-faaa-4f0e-9f3d-daac630f4108,amora.red,available,11.49,23.49,high,low,5,namesilo,,,18/09/2026 22:38
d29c97d4-c2e7-486a-bd6c-5727f301e116,examination.red,available,8.48,18.83,high,low,11,spaceship,,,27/09/2026 21:26
662704f5-51bb-4bf8-8840-a14bba448f47,dependent.red,available,9.48,28.48,high,low,9,namecheap,,,14/08/2026 02:06
904507ed-7007-4ba9-8525-1d633e88d674,completion.red,available,8.48,18.83,high,low,10,spaceship,,,28/09/2026 10:41
9e9de4cb-b873-4055-8ac1-0b3d6a6364dd,empathetic.red,available,9.48,28.48,high,low,10,namecheap,,,16/08/2026 16:43
c9486b75-c652-4862-a2d0-f34c85db4dd9,gramophone.red,available,11.49,23.49,high,low,10,namesilo,,,17/09/2026 02:30
d3036497-b008-48bc-9427-31a88cec8ed7,septenary.red,available,9.48,28.48,medium,low,9,namecheap,,,
76cb89b9-656d-42b3-bacf-b4d7e09ca97e,soothes.red,available,9.48,28.48,medium,low,7,namecheap,,,20/09/2026 05:20
79354d07-0689-4e0b-a9c4-25480c5b026c,lower.red,available,8.48,18.83,high,low,5,spaceship,,,29/09/2026 20:00
51cd57d7-8ed9-464a-97fc-ced5675e2f2d,changeable.red,available,9.48,28.48,medium,low,10,namecheap,,,12/08/2026 01:51
2aba6514-025a-46e8-b8e7-1b7c5aab8127,tailless.red,available,9.48,28.48,medium,low,8,namecheap,,,05/08/2026 21:33
533fa58a-49bc-4893-baa6-ec50081829c6,timbered.red,available,9.48,28.48,medium,low,8,namecheap,,,11/09/2026 15:59
e52f631a-de4f-4963-a22b-37d9b64ed206,rudderfish.red,available,9.48,28.48,medium,low,10,namecheap,,,22/09/2026 01:07
ae0265c7-4cc6-43c9-9e16-b6989ea259d2,quiescent.red,available,9.48,28.48,medium,low,9,namecheap,,,09/09/2026 08:47
10a46106-88bc-42c2-bf98-7b65577e77f7,rejection.red,available,14.99,,high,low,9,name.com,,,
7c0afc54-3121-40c4-bad3-b043acca9146,altogether.red,available,9.48,28.48,high,low,10,namecheap,,,
27141128-45dc-4b5d-ac8e-5f2f9837ccfd,custard.red,available,9.48,28.48,high,low,7,namecheap,,,24/09/2026 20:38
60ab3d9d-aadb-4118-9449-826e19a74cff,actin.red,available,9.48,28.48,medium,low,5,namecheap,,,17/09/2026 04:37
b276dccd-c5d5-4842-9117-464f66d6ccc2,bakelite.red,available,9.48,28.48,high,low,8,namecheap,,,21/09/2026 20:15
586b0687-b726-4ec3-8766-1c1ef038345c,rushed.red,available,8.24,19.48,high,low,6,dynadot,,,27/09/2026 17:29
ea24547b-cb97-4976-8799-7961fbf84044,graciously.red,available,9.48,28.48,high,low,10,namecheap,,,14/09/2026 21:58
85733464-d1e1-45e9-9791-b982f8d0a3ae,rubble.red,available,8.48,18.83,medium,low,6,spaceship,,,28/09/2026 18:54
ea063428-32ec-4bea-87c8-2a3ce2229889,agonizing.red,available,9.48,28.48,high,low,9,namecheap,,,
764a89ea-03e4-4d30-a990-a4e74c900f41,gladys.red,available,11.49,23.49,medium,low,6,namesilo,,,26/09/2026 03:41
de715d91-c60e-4d08-bb7a-945adc74ea2f,unstable.red,available,9.48,28.48,high,low,8,namecheap,,,18/08/2026 09:17
0fc6a98f-58ff-4672-aabf-f1c7d90fec77,strongly.red,available,8.48,18.83,medium,low,8,spaceship,,,28/09/2026 16:33
bcc17193-493c-4562-93f1-1257f0f7721a,librarian.red,available,11.49,23.49,high,low,9,namesilo,,,23/09/2026 12:54
3cc993a5-f42b-4380-9100-22c781fe35bc,attendee.red,available,11.49,23.49,high,low,8,namesilo,,,21/09/2026 01:26
b6b60d00-7097-4d21-a47a-b549344ef323,featured.red,available,9.48,28.48,high,low,8,namecheap,,,24/09/2026 17:26
9f3845be-cccc-4c7c-86a1-ad3deef0d3a0,pyramidal.red,available,9.48,28.48,high,low,9,namecheap,,,09/09/2026 06:55
a95e5db1-88ba-44ce-b39d-49a33c5343ce,soled.red,available,9.48,28.48,high,low,5,namecheap,,,10/09/2026 13:35
2584cec6-1f81-4dfc-b321-d82da60f696e,bewilder.red,available,11.49,23.49,high,low,8,namesilo,,,21/09/2026 17:30
e031907f-4454-4cfe-98a9-c828fbf8659b,emporium.red,available,8.48,18.83,high,low,8,spaceship,,,29/09/2026 02:36
7bcc1b63-b794-4d07-a2a5-99f3b3c5959e,montpelier.red,available,11.49,23.49,medium,low,10,namesilo,,,24/09/2026 12:33
cc8d536d-679d-435b-ac68-4ca030b54943,pediatrist.red,available,9.48,28.48,high,low,10,namecheap,,,21/09/2026 13:27
2a4b51fd-fc95-4b5e-8ee4-7b5bac4d815a,harmless.red,available,9.48,28.48,high,low,8,namecheap,,,21/08/2026 01:02
204fa858-2e71-4859-acb3-f6ececaecc27,stimulus.red,available,9.48,28.48,high,low,8,namecheap,,,10/09/2026 20:39
02196e99-c026-4434-b0a2-723ebfa3b24a,projector.red,premium,66.5,,high,low,9,unstoppable,,,29/09/2026 20:04
eda1b725-48d2-459d-b083-40b7591309cf,owes.red,available,8.48,18.83,high,low,4,spaceship,,,28/09/2026 05:04
7ac89f04-e64c-46e0-921c-859ce260b7ab,talky.red,available,9.48,28.48,high,low,5,namecheap,,,12/08/2026 03:24
e46657e7-a4b5-4940-b09d-16f2fe167a79,pains.red,available,11.49,23.49,high,low,5,namesilo,,,28/09/2026 06:29
48785d55-42ee-457d-97eb-2f10cdeca0da,continental.red,available,8.48,18.83,high,low,11,spaceship,,,28/09/2026 21:03
6880fb52-49c5-48ea-bb08-e8002a3232ea,tornado.red,available,11.49,23.49,high,low,7,namesilo,,,29/09/2026 11:57
aebdbf29-daaf-473c-a99f-d3ba7e140df5,acute.red,available,11.49,23.49,high,low,5,namesilo,,,21/09/2026 16:39
798e65f3-86da-404d-8bf9-7d3b891b7d4a,banqueting.red,available,11.49,23.49,high,low,10,namesilo,,,22/09/2026 03:08
a79d104f-f556-428c-b271-c19aa50f7523,pallor.red,available,9.48,28.48,medium,low,6,namecheap,,,17/09/2026 01:07
270f7547-700c-47ba-8932-593ebd72f085,modified.red,available,9.48,28.48,high,low,8,namecheap,,,25/08/2026 03:15
bd12927a-1337-4329-806a-1d8e576a1de8,tenure.red,available,11,,high,low,6,unstoppable,,,29/09/2026 19:18
040f1d5d-41b3-43b2-b8e6-2b46386d1952,guttural.red,available,9.48,28.48,medium,low,8,namecheap,,,13/08/2026 07:31
8ea014ae-fa69-4419-83be-ec8922307cf4,sought.red,available,9.48,28.48,high,low,6,namecheap,,,10/09/2026 14:41
c0847fe6-138d-4a94-b734-69140779d25b,biface.red,available,9.48,28.48,medium,low,6,namecheap,,,09/08/2026 19:55
1b84e836-5bf6-47bd-96a8-643ded10a358,third.red,available,9.48,28.48,high,low,5,namecheap,,,
32276cec-0676-4e01-aee7-119f355a6248,toetoe.red,available,11.49,23.49,medium,low,6,namesilo,,,20/09/2026 12:22
eddd17f2-6069-46b0-afe2-5bc48e824afe,murderer.red,available,11.49,23.49,medium,low,8,namesilo,,,25/09/2026 08:59
444c5984-e511-4f94-bcc5-81468f7a4c7d,rayleigh.red,available,8.48,18.83,high,low,8,spaceship,,,29/09/2026 13:13
5b8af995-b967-4aff-a816-7ee56260ab44,hammered.red,available,9.48,28.48,medium,low,8,namecheap,,,20/08/2026 22:59
97f7b74b-bc82-4b7a-98d4-114842fbfe65,vinson.red,available,8.24,19.48,medium,low,6,dynadot,,,29/09/2026 12:24
63e3f395-aad9-47a1-b60d-ddd9a2f0c279,unmixed.red,available,9.48,28.48,medium,low,7,namecheap,,,12/09/2026 06:02
cdc200a2-ede4-4676-a581-be78e3cab9cd,cagy.red,available,9.48,28.48,medium,low,4,namecheap,,,11/08/2026 13:21
42adc228-6de6-4dc9-8d79-a5c8e6eb8439,pianos.red,available,11.49,23.49,medium,low,6,namesilo,,,20/09/2026 09:12
868f7e1d-1f4b-4564-89eb-21184abb43b2,notecase.red,available,11.49,23.49,medium,low,8,namesilo,,,23/09/2026 16:18
2185596c-2f6c-43be-a592-22da31bf97ce,controlling.red,available,14.99,,high,low,11,name.com,,,
d459ecdb-6513-4449-9b38-1b0a0d180b9e,mass.red,available,18.2,18.2,high,low,4,cloudflare,,,28/09/2026 22:52
a32b7dbf-2f6d-44a2-b7f2-cc61313fad1b,hogarth.red,available,8.48,18.83,high,low,7,spaceship,,,29/09/2026 13:03
ba14ef00-036e-4f10-b89d-324afff67126,macedonian.red,available,9.48,28.48,high,low,10,namecheap,,,24/08/2026 12:46
e874708f-2906-49c7-bb44-c5b723717b34,drudgery.red,available,9.48,28.48,medium,low,8,namecheap,,,08/09/2026 21:19
dbdedb78-d211-4af8-9c42-f6ddf4eb5825,crawl.red,available,11.49,23.49,high,low,5,namesilo,,,21/09/2026 04:48
1b37241a-9e82-4f50-a265-acccecdd6dae,overcome.red,available,18.2,18.2,high,low,8,cloudflare,,,28/09/2026 05:30
e0914b21-bec9-4e2b-85a9-a60b0b201821,baeda.red,available,11.49,23.49,medium,low,5,namesilo,,,21/09/2026 17:19
bc7938ed-f8c4-493e-b151-4161a1647889,suits.red,premium,768,768,high,low,5,namesilo,,,18/09/2026 12:41
4b722a33-f544-4011-b997-10c8f8448809,caption.red,available,11.49,23.49,high,low,7,namesilo,,,24/09/2026 12:41
8279cda8-782a-4696-bb15-2d5c4dc452eb,fingered.red,available,9.48,28.48,high,low,8,namecheap,,,18/08/2026 04:53
c859fd95-9080-4caa-bff9-44d4305d9972,yid.red,available,11.49,23.49,medium,low,3,namesilo,,,19/09/2026 16:18
5ef34f49-2c1c-4329-bf47-5670e1cf6347,basketful.red,available,11.49,23.49,medium,low,9,namesilo,,,22/09/2026 11:27
ff45b817-0659-4fbb-91f6-666e65fd287f,extend.red,available,14.99,,high,low,6,name.com,,,
315c7f09-bab7-40e1-a959-a5c1a645d0c3,pretense.red,available,9.48,28.48,high,low,8,namecheap,,,25/09/2026 16:21
70e3bafd-c99c-4b80-abd4-b7848dd24388,gaps.red,available,11.49,23.49,medium,low,4,namesilo,,,20/09/2026 11:47
f857280b-adb7-4765-9a6c-0457c757eb57,excuses.red,available,11,,medium,low,7,unstoppable,,,28/09/2026 23:11
b64d9ae1-6e47-4f1e-9c50-46a5a68c0e53,fabulous.red,available,9.48,28.48,high,low,8,namecheap,,,17/08/2026 20:07
57e1d18c-c525-48fe-8195-bd819e314c47,batsman.red,available,11.49,23.49,high,low,7,namesilo,,,22/09/2026 14:19
5ffb81ba-52ef-4420-ab39-c6a441c6da72,blasphemer.red,available,11.49,23.49,medium,low,10,namesilo,,,24/09/2026 04:14
65599bd0-fbc0-46e0-ab45-83b77a45e96d,shelton.red,available,11.49,23.49,medium,low,7,namesilo,,,27/09/2026 01:50
5ea552a9-4a0b-480c-8325-5c03c147299a,flavorless.red,available,9.48,28.48,medium,low,10,namecheap,,,10/08/2026 12:57
ce07f70b-b4c4-4110-a730-ff4110992325,neckless.red,available,9.48,28.48,medium,low,8,namecheap,,,03/09/2026 14:41
5bdcfe4a-1b54-483d-9208-cd6a64033d31,token.red,resell,,,high,medium,5,Squarespace Domains II LLC,09/07/2020 14:30,09/07/2028 14:30,28/09/2026 09:22
13e47d2d-2058-418e-8835-956c85f10da6,skittish.red,available,9.48,28.48,high,low,8,namecheap,,,10/09/2026 09:48
097d1fe6-c31a-43d8-b986-b0ba2b27f289,rubidium.red,available,11.49,23.49,medium,low,8,namesilo,,,20/09/2026 22:58
2cbee3b6-3897-45c0-b95d-380907a7bd9c,abkhazia.red,available,14.99,29.99,medium,low,8,name.com,,,16/09/2026 16:03
8e0950eb-9105-48d2-b7ec-45c3465e97be,sensor.red,resell,,,high,low,6,"DNSPod, Inc.",22/03/2021 03:45,22/03/2027 03:45,29/09/2026 14:18
4a763c6b-0cc5-4d29-b1c6-e379cb20058a,desultory.red,available,9.48,28.48,medium,low,9,namecheap,,,14/08/2026 04:36
12c3c1e7-d9bc-4b2a-8810-7501e5870f7f,liberal.red,available,9.48,28.48,high,low,7,namecheap,,,09/08/2026 20:57
7d28aa4c-bc7f-4563-9d07-4ddd5500dcb3,vines.red,available,11,,medium,low,5,unstoppable,,,29/09/2026 23:04
9ff10a75-2e39-4729-8771-69eb07ec21a8,idf.red,available,8.48,18.83,medium,low,3,spaceship,,,28/09/2026 14:30
2353be8a-f36c-455e-b121-25e1c3f0895f,technological.red,available,18.2,18.2,medium,low,13,cloudflare,,,29/09/2026 02:31
f13f9ea3-a2df-4a03-8361-8acc2d57871b,platinum.red,premium,650,650,high,low,8,namecheap,,,20/09/2026 23:50
36744b6d-9c09-4e51-beb2-986cc921cf6b,congressman.red,available,18.2,18.2,high,low,11,cloudflare,,,28/09/2026 04:59
65753dc8-2f54-4595-ae39-760e35d51cba,soleless.red,available,9.48,28.48,medium,low,8,namecheap,,,10/09/2026 13:37
fa4658ff-8398-4250-8a4e-0377b1a094a9,sophomore.red,available,9.48,28.48,high,low,9,namecheap,,,10/09/2026 14:17
9e866249-70c1-44bf-831e-caa6a1fddac4,myriad.red,available,9.48,28.48,high,low,6,namecheap,,,13/08/2026 03:40
a8f6a92d-29d2-4211-83a9-a94ed971ee8f,lobe.red,available,8.48,18.83,high,low,4,spaceship,,,29/09/2026 19:33
187aef12-7953-4706-8761-824084b8b48d,freaking.red,available,14.99,,medium,low,8,name.com,,,
065894e5-c93b-427f-bdc1-9605ba93c7fd,secondly.red,available,11.49,23.49,medium,low,8,namesilo,,,27/09/2026 19:26
28283d56-cba9-42f8-a116-bc666d23b90b,damaging.red,available,14.99,29.99,medium,low,8,name.com,,,13/08/2026 16:05
2e2216f7-640c-48da-835d-7a3d2f4ea36d,mundane.red,available,9.48,28.48,high,low,7,namecheap,,,17/08/2026 14:55
7a02c254-204a-43ae-ae0b-40f2572c3b96,nadia.red,available,18.2,18.2,high,low,5,cloudflare,,,28/09/2026 22:03
4be6c1f2-b8fc-49f9-8ee0-44e0936d1d69,zhejiang.red,available,8.48,18.83,medium,low,8,spaceship,,,29/09/2026 03:49
2e7d3a98-8d7b-4289-beb6-2632ce87b9bd,darkly.red,available,9.48,28.48,medium,low,6,namecheap,,,14/09/2026 10:39
89e3d94c-b08e-4231-a7cf-7753ec217260,processing.red,available,8.48,18.83,high,low,10,spaceship,,,28/09/2026 15:08
0cd06c58-50d4-41ac-a69b-406ce04b5cde,sappy.red,available,9.48,28.48,medium,low,5,namecheap,,,12/08/2026 14:56
91d7b4d2-db46-4eac-a003-40f8d093b4c2,ascetic.red,available,9.48,28.48,high,low,7,namecheap,,,07/08/2026 00:56
9a085385-e93c-40ff-aaf6-9e65672eabdd,anomala.red,available,11.49,23.49,medium,low,7,namesilo,,,19/09/2026 11:24
ac44eef5-03ef-47cc-bb3c-346dc9ab2b19,drizzling.red,available,9.48,28.48,medium,low,9,namecheap,,,14/08/2026 19:38
9e23c6ea-8535-442a-b0d6-ed56fa984323,allegations.red,available,8.48,18.83,medium,low,11,spaceship,,,29/09/2026 11:36
2cdd541c-68ee-4df3-bd1f-e10a37c17801,fiedler.red,available,11.49,23.49,high,low,7,namesilo,,,20/09/2026 10:50
728186bb-bd62-4fe4-81d9-203d371383e2,rending.red,available,9.48,28.48,medium,low,7,namecheap,,,09/09/2026 13:57
994c807d-472c-4344-8c01-45ed428b0835,feedback.red,available,8.24,19.48,high,medium,8,dynadot,,,28/09/2026 14:09
d330de51-b1b1-486c-a738-68e8ed8ab59d,flair.red,available,8.48,18.83,high,low,5,spaceship,,,30/09/2026 01:15
d3176b14-be59-4acd-9f8f-e7c7bbd9b962,decided.red,available,9.48,28.48,high,low,7,namecheap,,,13/08/2026 21:20
24958f15-c14b-4fc1-bb7e-053544609e38,sprague.red,available,9.48,28.48,medium,low,7,namecheap,,,28/09/2026 08:05
679dc032-e488-4304-9aa0-d52a1d65b11e,epizoon.red,available,9.48,28.48,medium,low,7,namecheap,,,15/08/2026 00:52
d9d3a140-24ef-4ab8-8274-d4b5cbdf7123,gavin.red,available,11.49,23.49,high,low,5,namesilo,,,26/09/2026 03:29
d091f10c-a37b-48fa-818e-5bdf2b5888ec,spider.red,premium,640,640,high,low,6,namesilo,,,26/09/2026 00:23
0953d4cd-8cbf-4bd0-a668-d69fa113903d,hypo.red,available,9.48,28.48,high,low,4,namecheap,,,21/08/2026 17:15
d247d2e1-55c9-4b59-b2cc-c5fbf2046ec1,dualistic.red,available,9.48,28.48,medium,low,9,namecheap,,,14/08/2026 20:40
ea652f68-ac19-4af3-b394-492a939dde5e,answerable.red,available,11.49,23.49,high,low,10,namesilo,,,22/09/2026 05:32
c6cca287-1e30-44a3-80a0-e5dd90e05653,quechua.red,available,9.48,28.48,high,low,7,namecheap,,,22/08/2026 15:21
7e8c45ab-27b7-4dfe-8c78-9e1a722d8ace,abruzzi.red,available,11.49,23.49,medium,low,7,namesilo,,,16/09/2026 17:28
131be30b-2e70-4a4e-88ca-0ded170b6d76,insular.red,available,9.48,28.48,medium,low,7,namecheap,,,22/08/2026 07:38
256eb796-644c-46ea-8abf-476e200490b8,meet.red,resell,,,high,low,4,"Xiamen ChinaSource Internet Service Co., Ltd",09/01/2025 15:15,09/01/2027 15:15,26/09/2026 07:30
218a91c6-69f0-48ea-b012-1da6707a3839,comfortable.red,available,11.49,23.49,high,low,11,namesilo,,,26/09/2026 00:46
c67bc2f2-e5fa-451c-bb85-0be32f616e82,xiv.red,available,11.49,23.49,high,low,3,namesilo,,,21/09/2026 11:42
c9fd8a7f-42af-46e9-b4f1-761104cba456,cheekbone.red,available,9.48,28.48,high,low,9,namecheap,,,13/09/2026 15:41
95b23d5d-6092-4e68-9c8b-7d4703d1706c,untasted.red,available,9.48,28.48,low,low,8,namecheap,,,12/09/2026 21:05
bdaaa084-b21f-4f32-a250-4bbc56480570,cuban.red,available,9.48,28.48,high,low,5,namecheap,,,13/08/2026 09:47
36df4087-4037-4d16-8611-51a2497e766f,thievery.red,available,9.48,28.48,medium,low,8,namecheap,,,11/09/2026 13:20
9e8f9abc-95f2-46bc-98eb-099bd28e1016,censure.red,available,11.49,23.49,medium,low,7,namesilo,,,19/09/2026 08:29
3a89bc01-24ff-4e43-b8f9-d7c596099699,tantalum.red,available,11.49,23.49,medium,low,8,namesilo,,,20/09/2026 23:42
6aa5888f-8084-4c81-9eb4-53ea50ce535f,quarters.red,available,8.48,18.83,high,low,8,spaceship,,,30/09/2026 03:03
1c0c7773-92d3-4594-a940-42eaa0923a02,homespun.red,available,9.48,28.48,high,low,8,namecheap,,,13/08/2026 04:23
324b6ebd-9b49-49c6-8cbe-bca7c7ff7f41,spiritual.red,available,9.48,28.48,high,low,9,namecheap,,,06/08/2026 05:42
1654e72e-6f2d-4c98-9610-a24e30aab580,kurosawa.red,available,11.49,23.49,high,low,8,namesilo,,,18/09/2026 00:08
4bf11ef5-b81a-4496-8377-b1879ac1cf61,gaba.red,available,11,,high,low,4,unstoppable,,,29/09/2026 12:26
0d373078-b478-496c-939a-41248825b76e,captive.red,available,9.48,28.48,high,low,7,namecheap,,,
49b8cdd2-21fc-49a0-9a8e-ae1fdb7edd72,backchat.red,available,11.49,23.49,medium,low,8,namesilo,,,21/09/2026 15:20
33cb0cc9-2f03-4fe4-93d7-9c375659a3ae,cosy.red,available,9.48,28.48,high,low,4,namecheap,,,13/08/2026 03:20
ff97d6fa-5dab-473a-b8c7-170e0223336e,nervous.red,available,11.49,23.49,medium,low,7,namesilo,,,21/09/2026 22:02
30485e5f-6b9d-4c1f-9c32-e3a1567778b5,apish.red,available,9.48,28.48,medium,low,5,namecheap,,,06/08/2026 00:12
71be842f-afff-4272-9667-4c87169c382f,perceived.red,available,11.49,23.49,high,low,9,namesilo,,,27/09/2026 03:28
fdd4a16d-1e19-4cbe-9037-8d7887bced49,pouring.red,available,9.48,28.48,high,low,7,namecheap,,,20/08/2026 21:01
350bccba-6a51-4fbf-9e06-000789517b29,chargeman.red,available,11.49,23.49,medium,low,9,namesilo,,,24/09/2026 04:25
011e11ed-6361-4dfd-92c0-e1bc67c5a2e1,messianic.red,available,9.48,28.48,high,low,9,namecheap,,,24/08/2026 21:22
b87ba06f-ea91-41f6-b976-282db5881c6a,carleton.red,available,11.49,23.49,high,low,8,namesilo,,,25/09/2026 15:18
bc11bbf3-5841-4e28-9fb6-f8bc7e194a98,midlife.red,available,14.99,,high,low,8,name.com,,,
b24b95bd-4795-4f62-8019-d43cac11c46c,sunlit.red,available,9.48,28.48,high,low,6,namecheap,,,11/09/2026 01:59
03fb307e-252a-4f37-ba02-c44b655c1b56,staunch.red,available,9.48,28.48,high,low,7,namecheap,,,10/09/2026 19:22
99de8011-69e2-40c3-8ba8-2e8236dae8f0,cumulous.red,available,9.48,28.48,medium,low,8,namecheap,,,13/08/2026 10:30
114f55f7-2298-4eb4-9fbc-0444840dc128,aerator.red,available,11.49,23.49,medium,low,7,namesilo,,,17/09/2026 12:47
e7281e93-f104-4a6f-ae87-7ae690dab17d,calculate.red,available,8.48,18.83,high,low,9,spaceship,,,28/09/2026 14:09
888ea849-7837-4aa3-9985-1646ea7ff2aa,paramedics.red,available,11,,medium,low,10,unstoppable,,,30/09/2026 00:40
500b119b-8c8c-4c0c-9818-371edc89b40c,bounce.red,available,11.49,23.49,high,low,6,namesilo,,,23/09/2026 01:22
13b37cb9-75d5-4c50-92d9-dc1145a42704,mellon.red,available,11.49,23.49,high,low,6,namesilo,,,19/09/2026 04:48
68f7c0ab-8fab-40dc-9c6b-23d5aa39ca7b,angie.red,available,11.49,23.49,high,low,5,namesilo,,,28/09/2026 16:18
9b14c1bf-7a4c-4f87-a918-984ead60a8bb,vermont.red,premium,550,550,high,low,7,dynadot,,,28/09/2026 09:57
6e9b0218-2017-4b63-b13b-b2dc531e5f54,archway.red,available,11.49,23.49,high,low,7,namesilo,,,20/09/2026 02:39
af111692-e48d-4f0c-9720-5ed27fd05583,insist.red,available,14.99,,high,low,6,name.com,,,
eeeffe91-b0af-4e84-9870-970287b41ed2,born.red,available,9.48,28.48,high,low,4,namecheap,,,23/09/2026 00:37
806b31c4-e9ad-4180-96e5-80e91c4ac31a,chelate.red,available,9.48,28.48,medium,low,7,namecheap,,,12/08/2026 04:03
06282f89-5d75-47df-a5f9-25b868c15d06,monetary.red,available,9.48,28.48,high,low,8,namecheap,,,25/09/2026 21:29
e3b86363-40a7-4f91-af16-4859e531b38c,participate.red,available,11.49,23.49,high,low,11,namesilo,,,28/09/2026 07:01
3151531d-e77f-4ea1-a2d3-f368b7ab7f64,hoops.red,available,8.48,18.83,high,low,5,spaceship,,,29/09/2026 01:29
ebd6d730-4761-4367-bfb5-652793dbf18f,lacing.red,available,9.48,28.48,medium,low,6,namecheap,,,13/09/2026 11:13
c4acbdda-0acd-4b69-9273-3e97e0976e74,leasing.red,available,14.99,,high,low,7,name.com,,,
4d734564-7326-41e5-81cd-64309dc90066,tornados.red,available,11.49,23.49,medium,low,8,namesilo,,,16/09/2026 14:12
8cd7207a-ed9c-429b-ab32-712327526363,commentate.red,available,14.99,,high,low,10,name.com,,,
0dc98c30-a023-463d-ba2e-92fc85d355b5,canned.red,available,9.48,28.48,high,low,6,namecheap,,,11/08/2026 17:10
0f5a0dee-e4d4-4555-bdf3-3f6d9ba9eab0,replaced.red,available,8.48,18.83,medium,low,8,spaceship,,,27/09/2026 22:59
f280c0e2-6a69-4eec-9c78-59de5951e65e,aardwolf.red,available,11.49,23.49,medium,low,8,namesilo,,,19/09/2026 15:52
2690121f-4c38-4c96-9cd7-e6068ca6dfa9,asymptote.red,available,11.49,23.49,high,low,9,namesilo,,,20/09/2026 18:41
6f329491-662d-4529-bcdd-978b336f381c,albatross.red,available,11.49,23.49,high,low,9,namesilo,,,18/09/2026 02:28
5c5a6bea-8cbd-4b96-960a-e2d35cbc61de,aye.red,available,18.2,18.2,high,low,3,cloudflare,,,29/09/2026 14:22
35843693-3716-4814-acf3-4e9a4a202527,bianca.red,available,8.24,19.05,medium,low,6,porkbun,,,28/09/2026 17:40
de8b11db-ea27-43fe-bd0b-d0b041b363f5,university.red,available,8.48,18.83,high,low,10,spaceship,,,28/09/2026 22:48
7f36f542-d0c0-414f-925c-b7915866b62e,anova.red,available,11.49,23.49,high,low,5,namesilo,,,19/09/2026 01:59
afd571b4-5d00-4025-90a7-fd49e6a06829,drinking.red,available,8.48,18.83,high,low,8,spaceship,,,29/09/2026 03:42
397a96c6-be28-4620-88a2-484296c00309,humbug.red,available,11.49,23.49,high,low,6,namesilo,,,21/09/2026 23:48
839e13e4-9b75-4d38-ac6b-4f6d0cea526d,cyrillic.red,available,14.99,29.99,medium,low,8,name.com,,,13/08/2026 14:33
14c7a86f-f44e-4cb7-8830-4208ff9d4835,played.red,available,11.49,23.49,high,low,6,namesilo,,,27/09/2026 04:03
2b591d1a-557e-4cd1-93f1-cc9b9565c5aa,mildred.red,available,11.49,23.49,medium,low,7,namesilo,,,28/09/2026 12:04
8202af1d-9a81-4d6a-bfaf-59fefb0831ba,ayah.red,available,11.49,23.49,high,low,4,namesilo,,,21/09/2026 10:32
16e63a29-9949-482a-8d1e-ba2b82d01941,luculent.red,available,9.48,28.48,medium,low,8,namecheap,,,24/08/2026 10:52
5736b3ee-2edc-4fc8-b81a-18abc0173179,morristown.red,available,11.49,23.49,medium,low,10,namesilo,,,29/09/2026 01:41
7306ae3c-fc26-4679-ab64-aa24e13adc3e,tho.red,available,14.99,,medium,low,3,name.com,,,
03c38deb-4409-40ec-9973-dc2f394290a9,turbid.red,available,9.48,28.48,medium,low,6,namecheap,,,25/08/2026 01:10
de2d84b7-5860-475d-9cf6-1f9317675e4e,municipal.red,available,9.48,28.48,high,low,9,namecheap,,,03/09/2026 10:58
1e4b379f-00c3-419c-9954-e332197a51ea,noticeable.red,available,11.49,23.49,high,low,10,namesilo,,,24/09/2026 07:23
c6586e5b-4e21-4dd6-b16a-cc6cbd14f500,woolf.red,available,11.49,23.49,medium,low,5,namesilo,,,17/09/2026 07:19
4958a6d3-adfa-4228-b7e8-83c7b428e0f3,snoek.red,available,11.49,23.49,medium,low,5,namesilo,,,22/09/2026 07:53
0638ba00-5884-41a3-859a-804064ce4866,dutchess.red,available,18.2,18.2,high,low,8,cloudflare,,,29/09/2026 21:34
b10fea8a-87e9-49a4-b149-c679a399f547,gag.red,available,8.48,18.83,high,low,3,spaceship,,,29/09/2026 20:25
43280bb9-5b13-426f-b14b-687278babfbd,instore.red,available,14.99,,high,low,8,name.com,,,
081d5850-49d3-4293-9523-40e3e7b6f049,randomly.red,available,9.48,28.48,medium,low,8,namecheap,,,13/09/2026 20:35
262f4cc3-a798-4f08-a124-31f41749602a,thirtieth.red,available,9.48,28.48,medium,low,9,namecheap,,,
64222e66-0d6a-4fca-9acb-08f2e64619cf,cheesecakes.red,available,9.48,28.48,medium,low,11,namecheap,,,08/09/2026 07:37
68ba4f66-0cb8-4528-b18b-6b2ee7701166,unoccupied.red,available,9.48,28.48,medium,low,10,namecheap,,,12/09/2026 16:09
da36c55f-bd95-46c1-a465-a9998fc64565,staccato.red,available,9.48,28.48,high,low,8,namecheap,,,14/08/2026 09:57
713c0a49-d95c-4ee1-ac3d-7d32a7c6277d,tainted.red,available,9.48,28.48,medium,low,7,namecheap,,,11/09/2026 07:12
57c808e4-6399-44b6-a0b1-5b4e48c24ea1,stevie.red,available,8.24,19.48,high,low,6,dynadot,,,28/09/2026 07:58
951d5d30-67ad-4601-a312-99d86e615e12,intersection.red,available,14.99,,high,low,12,name.com,,,
6417eb56-2536-43fb-a448-470635c4ae2b,diluvian.red,available,9.48,28.48,medium,low,8,namecheap,,,14/08/2026 07:51
96da8aff-c94f-4814-97f3-fcbbdbe2beb6,discreet.red,available,9.48,28.48,high,low,8,namecheap,,,12/08/2026 08:23
d1bc1b75-4dd7-4f97-8e8c-d67ea7b3c678,lan.red,premium,625,,high,low,3,name.com,,,30/09/2026 02:02
137f6faa-de8f-4e0a-838b-d1ca16c1f670,brummagem.red,available,9.48,28.48,medium,low,9,namecheap,,,11/08/2026 06:42
16e10f7d-ab91-4560-8d71-b4e5a3ccdef8,hanker.red,available,9.48,28.48,medium,low,6,namecheap,,,24/08/2026 08:57
600df5b3-beb9-40bb-92aa-ffc27798dfff,fiberoptic.red,available,9.48,28.48,high,low,10,namecheap,,,18/08/2026 03:12
e8556842-7710-43d2-b3f0-85abd48480ca,asynchrony.red,available,11.49,23.49,medium,low,10,namesilo,,,20/09/2026 18:41
ca1d263e-f733-43a3-a938-ef6866d258f7,morose.red,available,9.48,28.48,medium,low,6,namecheap,,,20/08/2026 15:01
bf9ecea8-12a0-470d-a88e-7c3daf744480,barbary.red,available,11.49,23.49,medium,low,7,namesilo,,,22/09/2026 04:32
58a34f36-1d35-4f1a-a8bb-4bdc42346edc,ativan.red,available,14.99,29.99,medium,low,6,name.com,,,20/09/2026 21:30
ffba5b53-7c9b-4c6c-b3f0-bb43f4739f08,corridor.red,available,11.49,23.49,high,low,8,namesilo,,,29/09/2026 11:39
91af33e8-6f0c-4862-a211-c676ca2a2fcb,wholemeal.red,available,9.48,28.48,medium,low,9,namecheap,,,13/09/2026 11:17
952309ac-a0a3-40fa-a57c-a5afed0327ab,bracket.red,available,11.49,23.49,high,low,7,namesilo,,,19/09/2026 06:22
e52f256d-5d07-4819-b487-6710bc0ade89,inflowing.red,available,9.48,28.48,high,low,9,namecheap,,,22/08/2026 04:34
c11fb9ec-2d66-4c43-8c2c-ef4e8c61fcaf,riotous.red,available,14.99,29.99,medium,low,7,name.com,,,13/08/2026 20:26
4e6648e0-658e-4e5d-b0e8-4924d20b88ee,batfish.red,available,11.49,23.49,medium,low,7,namesilo,,,22/09/2026 13:14
0ec9c866-d474-4af0-b698-82920f821521,backing.red,available,9.48,28.48,high,low,7,namecheap,,,21/09/2026 15:39
4839b301-8b1f-441d-bf44-dae30c197ce5,anisotropy.red,available,11.49,23.49,medium,low,10,namesilo,,,19/09/2026 09:38
140a2d87-b859-4a16-bf7d-e98ab53336ed,percent.red,available,11.49,23.49,high,low,7,namesilo,,,25/09/2026 23:58
bf4e1995-8f37-4d72-a387-f7d459eebe6d,restraint.red,available,8.48,18.83,medium,low,9,spaceship,,,28/09/2026 18:42
ed4d4372-8440-4898-859b-27966676cb01,eulogistic.red,available,9.48,28.48,medium,low,10,namecheap,,,16/08/2026 23:07
827afa09-4a5d-4275-9792-d5fc6a9bd52d,screamer.red,available,11.49,23.49,medium,low,8,namesilo,,,22/09/2026 17:00
6fe91082-2102-4e51-8398-10289c576b48,volumetric.red,available,9.48,28.48,high,low,10,namecheap,,,13/09/2026 07:03
f89faacf-a452-4f88-a5e7-0e68c4fbfb68,tyrol.red,available,11.49,23.49,medium,low,5,namesilo,,,28/09/2026 20:40
e6d166bc-090d-4be5-bd27-8f2c62c95ad4,cain.red,available,8.48,18.83,high,low,4,spaceship,,,28/09/2026 09:13
b631a97f-01b6-45fe-b4da-72f70ed22dbf,collinear.red,available,9.48,28.48,medium,low,9,namecheap,,,12/08/2026 17:10
9bd6f22d-d3ab-498f-be40-864be662055e,octavo.red,available,11.49,23.49,medium,low,6,namesilo,,,16/09/2026 12:43
b098874a-01d1-41d8-bad7-b19e00e716b7,peasants.red,available,8.24,19.05,low,low,8,porkbun,,,28/09/2026 23:24
9bf174ab-1b3e-44fc-8c36-9cc7327157cd,churchman.red,available,9.48,28.48,high,low,9,namecheap,,,14/08/2026 23:29
5c365bc4-1a5f-41a0-a86a-ef7da5c22600,powerplant.red,available,8.48,18.83,high,low,10,spaceship,,,29/09/2026 08:38
894c8016-955a-498f-b054-50d7a92baf91,backbend.red,available,11.49,23.49,high,low,8,namesilo,,,21/09/2026 15:01
e0f8a5b9-1359-4ba7-8c2e-b79e4f317c63,mahoe.red,available,11.49,23.49,medium,low,5,namesilo,,,21/09/2026 21:57
f8b0406d-d5c3-44a6-9487-2f3aed87fcf5,eccentric.red,available,9.48,28.48,high,low,9,namecheap,,,10/08/2026 09:50
249e007d-efe2-45d5-9598-c5120cdd0d0a,acedia.red,available,11.49,23.49,medium,low,6,namesilo,,,16/09/2026 23:26
38232032-b433-4d27-ba05-47799adb47ca,streetcleaner.red,available,14.99,,low,low,14,name.com,,,
303021a3-ca19-43b3-8c1a-3a140df19a08,about.red,available,11.49,23.49,high,low,5,namesilo,,,21/09/2026 14:03
bfb1708d-c759-4c6a-8673-0c87b65f953c,fatless.red,available,9.48,28.48,medium,low,7,namecheap,,,17/08/2026 23:27
51189702-df64-4525-b688-036028276d41,bernice.red,available,8.48,18.83,medium,low,7,spaceship,,,28/09/2026 21:58
b14f64ce-1351-4554-88a6-720756382e1e,ohmygosh.red,available,14.99,,high,low,8,name.com,,,
1d859b5f-fa7a-4e51-b379-4bbd50b7e0ac,shouts.red,available,11.49,23.49,medium,low,6,namesilo,,,18/09/2026 07:00
09568ce7-16fa-4106-98a9-2e2f719efdfb,lawfully.red,available,14.99,29.99,medium,low,8,name.com,,,13/08/2026 19:09
5f231c64-2bea-4e67-9164-2b88d496ec75,philistine.red,available,9.48,28.48,medium,low,10,namecheap,,,
60cfbec0-46f7-462a-8f09-254457383dda,anosmic.red,available,9.48,28.48,medium,low,7,namecheap,,,
d75237fe-1b50-442c-82df-8d6424998a3f,prn.red,available,9.48,28.48,medium,low,3,namecheap,,,13/09/2026 21:26
78e65b45-8506-4c56-ab7d-dcea4fffed62,negro.red,available,9.48,28.48,medium,low,5,namecheap,,,03/09/2026 15:10
d87162e2-56c6-4ae4-8103-38b99a82a096,disdain.red,available,11.49,23.49,medium,low,7,namesilo,,,24/09/2026 17:41
f7e8800c-2783-44ac-a0ee-5de625fbe812,time.red,resell,,,high,medium,4,Automattic Inc.,24/09/2021 14:30,24/09/2030 14:30,28/09/2026 12:16
44742655-bd37-4b75-8288-c3cccf029e4b,byzantine.red,available,9.48,28.48,high,low,9,namecheap,,,11/08/2026 12:12
b019465f-31da-42db-ba73-712bcaad1799,cocktail.red,available,11.49,23.49,high,low,8,namesilo,,,28/09/2026 07:31
199dd310-c705-4d65-9f43-f8c33e93af1b,what.red,resell,,,high,low,4,"Xiamen ChinaSource Internet Service Co., Ltd",08/02/2026 15:15,08/02/2027 15:15,26/09/2026 10:08
492c5390-05c0-484c-8a65-35c992db09be,exchanged.red,available,9.48,28.48,high,low,9,namecheap,,,17/08/2026 16:20
08c087bf-e40a-49cb-818f-1e9e44a760ca,circularly.red,available,9.48,28.48,medium,low,10,namecheap,,,14/09/2026 06:55
0ccb52da-6dcb-43c6-b952-f39521560a00,wheatley.red,available,11.49,23.49,medium,low,8,namesilo,,,29/09/2026 01:49
562e171e-4524-4f15-a1c5-a47b5ae2f697,clinical.red,available,9.48,28.48,high,low,8,namecheap,,,28/09/2026 12:54
be2d2dba-ad1a-4cba-8d6c-02adbf67f17a,tilefish.red,available,11.49,23.49,medium,low,8,namesilo,,,24/09/2026 04:04
8c81e119-76c3-403c-b517-13993bcd8db5,commutable.red,available,9.48,28.48,medium,low,10,namecheap,,,12/08/2026 19:17
eef0162a-6632-4430-8c12-66a1594df640,coddle.red,available,11.49,23.49,high,low,6,namesilo,,,21/09/2026 13:03
465c3698-c603-4555-99d0-6c25b3a62d92,nervously.red,available,9.48,28.48,medium,low,9,namecheap,,,15/09/2026 16:28
70741062-aa5d-4c77-890b-80c33d90f030,camouflage.red,available,11.49,23.49,high,low,10,namesilo,,,29/09/2026 06:05
ea5d4b49-b2f2-4369-b541-4c85518d3160,perplexing.red,available,9.48,28.48,medium,low,10,namecheap,,,08/09/2026 17:58
4496e5e3-b26b-41fa-9164-e59755eac035,urbanely.red,available,11.49,23.49,medium,low,8,namesilo,,,16/09/2026 10:27
6c5e15fa-180d-488c-a009-7d92fbc4e7c9,asp.red,premium,78.54,78.54,high,low,3,namesilo,,,20/09/2026 14:30
9d725347-0e50-4676-adba-6b5a02e318f3,abrader.red,available,11.49,23.49,medium,low,7,namesilo,,,16/09/2026 16:48
a6e89838-21f2-44a0-a65d-31944abd0f05,misty.red,available,9.48,28.48,high,low,5,namecheap,,,11/08/2026 06:51
5058669a-47c4-4f82-8cbd-d7d859e31763,telltale.red,available,9.48,28.48,high,low,8,namecheap,,,11/09/2026 10:35
79675e7a-62c7-476d-b46d-ceeb1e634a0d,hebrew.red,available,9.48,28.48,high,low,6,namecheap,,,21/08/2026 05:43
b4b15474-1cd8-41c8-8196-ca3555ccf00c,blackout.red,available,11.49,23.49,high,low,8,namesilo,,,18/09/2026 22:20
478fcefe-ce59-4569-89a2-8a0f3e039669,medication.red,available,14.99,,high,low,10,name.com,,,
cb119d10-fcdb-446f-aa7e-fc5b357c59c1,anew.red,available,9.48,28.48,high,low,4,namecheap,,,13/09/2026 18:03
b1f5d8c0-fac1-4d0b-8f3c-057efed95934,pickle.red,available,8.48,18.83,high,low,6,spaceship,,,29/09/2026 06:57
85350cd8-5034-4ecd-afcd-cb0138e64002,crownless.red,available,9.48,28.48,medium,low,9,namecheap,,,13/08/2026 08:38
a110d10e-cb7f-4f7e-a6ef-c100758be8ee,alleged.red,available,11.49,23.49,high,low,7,namesilo,,,22/09/2026 01:19
3c288721-3e04-4373-bb1d-ca4b15b1a183,anthriscus.red,available,11.49,23.49,medium,low,10,namesilo,,,19/09/2026 13:53
f7564ecd-fa9e-4543-80d4-193ec86d85d5,defensible.red,available,9.48,28.48,high,low,10,namecheap,,,13/08/2026 23:11
1d828b51-a5a4-42ca-a715-d0e0a87f6be7,belau.red,available,11.49,23.49,medium,low,5,namesilo,,,23/09/2026 04:30
856c1c9e-c054-4577-9b8d-0aece4841acd,monaghan.red,available,11,,medium,low,8,unstoppable,,,29/09/2026 17:52
4c75215a-bd42-40ff-ab66-e6ce7d549e41,authorization.red,available,8.24,19.05,medium,low,13,porkbun,,,28/09/2026 08:21
5c1dae9b-8016-4729-943d-b5a756b363e1,colorfast.red,available,9.48,28.48,medium,low,9,namecheap,,,12/08/2026 17:50
4de72520-128b-4db1-a8a9-cf48864aa1d3,tablets.red,premium,1107,1107,high,low,7,namesilo,,,18/09/2026 15:46
a42f78e2-6692-45f8-b323-6b9b939ab03f,waving.red,available,11.49,23.49,high,low,6,namesilo,,,28/09/2026 15:32
960d77da-7b84-4457-8545-f96b6f6f1b34,cleaned.red,available,11.49,23.49,high,low,7,namesilo,,,27/09/2026 02:45
f1fc6d4c-0f80-4dac-8737-fdabda3d4ef4,dumont.red,available,11.49,23.49,medium,low,6,namesilo,,,28/09/2026 11:42
9f366305-55ea-42c2-aae1-0b80380b43a2,symbol.red,available,9.48,28.48,high,low,6,namecheap,,,28/09/2026 09:07
2ca4f2d1-4d36-4b5b-a6e7-4e4fa6a5066d,blather.red,available,11.49,23.49,medium,low,7,namesilo,,,24/09/2026 04:46
d73abf61-64f4-4374-b2c6-c74b606eedbd,attacked.red,available,9.48,28.48,medium,low,8,namecheap,,,25/09/2026 20:43
ed3e578b-25a9-4d15-95d8-88de7a66a7cd,descending.red,available,11,,medium,low,10,unstoppable,,,28/09/2026 21:15
44f44982-4045-4559-96d8-82705c95137c,diane.red,available,9.48,28.48,high,low,5,namecheap,,,25/09/2026 19:09
3d9afb74-b38f-4998-a7ae-4adcf98b063e,ballista.red,available,11.49,23.49,medium,low,8,namesilo,,,20/09/2026 00:35
06b36508-b039-4640-9a79-390d35d941f5,malcolm.red,available,11.49,23.49,high,low,7,namesilo,,,25/09/2026 14:54
f8efb92d-82e2-4488-a932-9ce00e9c402a,stating.red,available,14.99,,high,low,7,name.com,,,
8f8c8c11-c04b-423b-aed1-db0551b9d7ac,picasso.red,available,18.2,18.2,high,low,7,cloudflare,,,28/09/2026 20:04
a00c82b1-69fd-47ea-9d73-c84a7a0ea85f,alcea.red,available,11.49,23.49,medium,low,5,namesilo,,,18/09/2026 03:52
53651d14-5215-43e7-be6f-a0ac019a2adf,ended.red,available,9.48,28.48,high,low,5,namecheap,,,
a17f1329-71cf-402c-af12-3d524bb6ee67,each.red,available,11.49,23.49,high,low,4,namesilo,,,24/09/2026 12:45
dfa44df7-30f4-4894-9ea6-85ba9e59dde4,siding.red,available,9.48,28.48,high,low,6,namecheap,,,29/09/2026 20:06
159ee170-c15e-466c-9caa-78e783bc1360,ses.red,premium,85.8,85.8,high,low,3,namecheap,,,28/09/2026 12:11
1e221c29-3b2b-410c-b9e9-b6baa5da31d9,moldy.red,available,9.48,28.48,medium,low,5,namecheap,,,25/09/2026 21:25
9a734684-cb33-483d-8500-0e4c5eb1b021,onwards.red,available,9.48,28.48,high,low,7,namecheap,,,14/09/2026 19:51
a1f681ae-845f-443a-8d3e-647c7ed79074,dealer.red,available,11.49,23.49,high,low,6,namesilo,,,22/09/2026 05:35
16ec3cbf-f15e-4d99-908a-a694110baf7a,esters.red,available,8.24,19.48,low,low,6,dynadot,,,28/09/2026 13:25
6c9b2892-f156-41cd-ae0a-bd7560628004,ike.red,available,11.49,23.49,high,low,3,namesilo,,,29/09/2026 17:21
dee3c6f3-9821-4957-8e05-712548dade7e,animated.red,available,11.49,23.49,high,low,8,namesilo,,,22/09/2026 05:00
b7fc4c37-ff1f-41b2-b6b1-e0411e0ccd58,collectors.red,available,8.48,18.83,high,low,10,spaceship,,,29/09/2026 17:58
9195d3a6-576c-4820-876a-7b32f2039892,stints.red,available,11.49,23.49,medium,low,6,namesilo,,,20/09/2026 14:23
55219bbe-40ca-4cc2-a787-a20b9f0d03e7,interwoven.red,available,9.48,28.48,high,low,10,namecheap,,,22/08/2026 08:08
0bf225ca-f0ea-4d0d-bdfe-914f7b689201,sunburn.red,available,9.48,28.48,high,low,7,namecheap,,,11/09/2026 07:53
f4458d50-84bb-4b9a-b5e7-8abdcd2a525c,autobahn.red,available,11.49,23.49,high,low,8,namesilo,,,21/09/2026 05:50
8e2b16f0-89bb-45cf-b77a-7b9883e31a79,actinia.red,available,9.48,28.48,medium,low,7,namecheap,,,17/09/2026 04:43
2d3f7f09-84d4-4790-85e0-6228be7e11c5,melodic.red,available,9.48,28.48,high,low,7,namecheap,,,24/08/2026 19:41
448ae8d6-a2d8-4630-b877-3e671275b005,purpose.red,available,11.49,23.49,high,low,7,namesilo,,,25/09/2026 09:59
150a012a-ea7d-4bf1-bc31-ac612dd0951c,kickshaw.red,available,14.99,29.99,high,low,8,name.com,,,13/08/2026 15:56
8708d782-7234-4cf2-8c11-960a208f75da,softback.red,available,9.48,28.48,medium,low,8,namecheap,,,05/09/2026 01:13
1e020162-c225-4c8f-bd7c-18c6f52a21d4,spookily.red,available,9.48,28.48,medium,low,8,namecheap,,,14/09/2026 15:07
49a7c158-03a7-4853-b1a4-837f35548d2c,blinding.red,available,9.48,28.48,high,low,8,namecheap,,,10/08/2026 13:42
4c37e5c0-a485-4bc0-aa34-bc1f78260dbe,ambience.red,available,11.49,23.49,high,low,8,namesilo,,,18/09/2026 16:42
5b2b4297-3207-4cc7-b2c4-6f8aa29ad9d2,cannily.red,available,9.48,28.48,medium,low,7,namecheap,,,14/09/2026 05:10
3f24e957-8b89-40c7-b152-ad782f46976a,booty.red,available,8.48,18.83,high,low,5,spaceship,,,29/09/2026 11:44
c48caa19-ea9e-43b4-b8fb-e8a7209597a5,hang.red,available,11,,high,low,4,unstoppable,,,28/09/2026 19:01
eece11bf-4162-4fd2-b157-d4e5388ff6df,dealership.red,available,11,23.49,high,low,10,unstoppable,,,29/09/2026 06:18
a45b0c78-c63d-4774-ac0b-c63714117249,bribe.red,available,8.48,18.83,medium,low,5,spaceship,,,28/09/2026 09:12
252d8fb4-f3c2-473b-8c32-83ba2e173b14,severely.red,available,18.2,18.2,medium,low,8,cloudflare,,,28/09/2026 13:15
a2e5ad79-6d38-4c14-904d-6a2ed704bda8,knocked.red,available,9.48,28.48,low,low,7,namecheap,,,25/09/2026 18:45
31d4ddee-97dc-4b8d-9551-cd36db44cc14,tabs.red,available,11.49,23.49,medium,low,4,namesilo,,,20/09/2026 01:36
65ed329a-4788-4e4a-a24e-fe8af31b990c,portland.red,premium,78.54,78.54,high,low,8,namesilo,,,
29681196-d4dd-4d69-a693-cadd7b7ea797,blossoming.red,available,9.48,28.48,high,low,10,namecheap,,,18/08/2026 09:04
9da80ed9-8a0a-4f90-bb07-19b30832317b,equation.red,available,18.2,18.2,high,low,8,cloudflare,,,28/09/2026 19:06
65971277-271b-4bbc-8c08-ebc655350a45,berliner.red,available,11.49,23.49,high,low,8,namesilo,,,23/09/2026 09:38
e737a73e-d130-4e79-a33b-8e334d019d74,tentacular.red,available,9.48,28.48,medium,low,10,namecheap,,,11/09/2026 11:35
99d5a382-a746-449d-b76c-933a6994879d,moth.red,available,8.48,18.83,high,low,4,spaceship,,,28/09/2026 19:56
77174dfa-4742-45ab-84c1-0b58574d63a6,chatterbox.red,available,11.49,23.49,high,low,10,namesilo,,,21/09/2026 12:28
1943d6af-2bd7-42e6-b05e-59bf80c4a6f6,crafts.red,premium,640,640,high,low,6,namesilo,,,19/09/2026 02:50
e672b694-95d8-4503-a99a-87a7fbc57000,astragalus.red,available,11.49,23.49,high,low,10,namesilo,,,19/09/2026 09:45
c6505c6f-fddc-4eac-9e71-3101f927bd03,comeback.red,available,8.24,19.05,high,low,8,porkbun,,,29/09/2026 18:25
be0a502e-bbe8-4bff-953f-19e190e84fb5,secondhand.red,available,9.48,28.48,high,low,10,namecheap,,,10/09/2026 01:09
710c5514-37f1-4193-94f1-32971970530b,lightwood.red,available,9.48,28.48,medium,low,9,namecheap,,,16/09/2026 20:15
22134169-7803-4990-9261-fcda38c33158,whiny.red,available,9.48,28.48,medium,low,5,namecheap,,,09/09/2026 08:37
d25a4b9f-ed99-4961-8e94-b500902085b1,stud.red,available,11.49,23.49,high,low,4,namesilo,,,24/09/2026 23:35
9c1e81d2-31c8-4406-b27a-c3895bc46191,havre.red,available,11.49,23.49,medium,low,5,namesilo,,,28/09/2026 03:56
5d814202-1e4a-454f-9b66-bf9cae4c67c2,headteacher.red,available,14.99,,high,low,12,name.com,,,
a2f62af2-f49d-477f-ac3c-f9ed518e7dc9,mimetic.red,available,9.48,28.48,high,low,7,namecheap,,,24/08/2026 23:27
47b9b08e-608a-4151-8af3-48fafe895308,patented.red,available,9.48,28.48,high,low,8,namecheap,,,08/09/2026 10:24
01a5d4e3-ebcf-4d9f-b731-f561b1926c00,unkind.red,available,9.48,28.48,medium,low,6,namecheap,,,12/09/2026 14:11
ff277030-ab2f-491a-9092-24fb96447ffd,skinned.red,available,9.48,28.48,high,low,7,namecheap,,,10/09/2026 09:44
919de3a5-5f73-4943-a71e-a1252b28ed1b,contain.red,available,9.48,28.48,high,low,7,namecheap,,,24/09/2026 20:22
a1714b28-09bc-4278-ad9a-8778def9c72e,danseuse.red,available,11.49,23.49,medium,low,8,namesilo,,,21/09/2026 22:50
304b0f84-7e22-4137-9fc7-320b2e262114,teenagers.red,available,11.49,23.49,medium,low,9,namesilo,,,28/09/2026 13:27
e61e718b-f276-46c5-bc18-dc051c4ad83d,piffling.red,available,9.48,28.48,low,low,8,namecheap,,,18/08/2026 03:35
8c3a38bd-c184-496e-a83c-758b1825e196,stephan.red,available,14.99,29.99,high,low,7,name.com,,,27/09/2026 20:08
37cae80a-45f5-4f1a-9136-a27a20ae21fa,trafalgar.red,available,11.49,23.49,medium,low,9,namesilo,,,22/09/2026 16:10
96d9215c-9473-4953-b16d-be25c290488f,begotten.red,available,9.48,28.48,medium,low,8,namecheap,,,09/08/2026 09:11
3f6ec72d-6563-4dba-bba5-408b16c6e5f9,judgmental.red,available,9.48,28.48,medium,low,10,namecheap,,,22/08/2026 14:10
d45c1c23-5b4a-47e4-bb34-9d895ea28cfe,crocodile.red,available,8.48,18.83,high,low,9,spaceship,,,29/09/2026 12:11
abe5fa22-3e3e-4559-baa8-8f0d23b62f5f,molecular.red,available,9.48,28.48,high,low,9,namecheap,,,25/08/2026 03:53
b3b1f1e4-27e2-4ba1-b12b-0017093e1e6c,runic.red,available,9.48,28.48,medium,low,5,namecheap,,,09/09/2026 19:35
f21be30c-dcb8-48b0-b428-0771b86e1d9b,slapdash.red,available,9.48,28.48,medium,low,8,namecheap,,,10/09/2026 09:57
e04e6b27-d86d-462f-bc09-5195e3ffbe5f,bricks.red,premium,750,,high,low,6,name.com,,,
f6834259-c78a-43d9-a5b4-ebe5d9ec05c8,heathen.red,available,9.48,28.48,high,low,7,namecheap,,,18/08/2026 21:55
dfba01e7-0a9b-41d2-b2ce-db296e67b860,cleverness.red,available,11.49,23.49,high,low,10,namesilo,,,24/09/2026 15:36
e8683d9b-191d-4fdf-90dd-aef609296a7c,fabled.red,available,9.48,28.48,high,low,6,namecheap,,,17/08/2026 20:12
e7e78d23-cc29-42c1-847e-9459517228e5,retailing.red,available,11,23.49,high,low,9,unstoppable,,,28/09/2026 05:08
c9a6f91d-3af1-4bbb-a5aa-a3dd368b7725,transmitted.red,available,11.49,23.49,medium,low,11,namesilo,,,16/09/2026 07:54
6a220c58-31a6-4c2d-b7ef-a7ffd16c5e1b,twaddle.red,available,9.48,28.48,medium,low,7,namecheap,,,21/09/2026 23:55
bcfb81cc-00a7-4139-a527-c4ec7f451af1,selma.red,available,18.2,18.2,high,low,5,cloudflare,,,28/09/2026 03:04
94ad230b-dfdd-4297-8dab-91539990fb47,knavish.red,available,9.48,28.48,medium,low,7,namecheap,,,13/08/2026 04:34
4a30648d-92d8-4226-b510-8adc40c96c83,ismail.red,available,8.48,18.83,medium,low,6,spaceship,,,28/09/2026 11:55
92d79fc6-bea7-4901-b95f-d84e63726916,lecture.red,available,8.48,18.83,high,low,7,spaceship,,,30/09/2026 02:40
87c96972-1700-4d16-bbb2-d6c233d18bb1,beverly.red,premium,85.8,85.8,high,low,7,namecheap,,,25/09/2026 21:21
35a0fd7d-fb8f-4931-a75c-1af872876963,tipping.red,available,8.48,18.83,medium,low,7,spaceship,,,29/09/2026 23:33
14bea6bf-7bd7-43f6-bbcf-467951ed9e15,doubly.red,available,9.48,28.48,medium,low,6,namecheap,,,14/09/2026 13:48
8b7809c9-0f8b-4a95-9022-d117bfd8ccaf,unauthorized.red,available,8.48,18.83,medium,low,12,spaceship,,,28/09/2026 22:49
b61cf1bf-c346-427a-ad83-f986ac28b1c4,billfold.red,available,11.49,23.49,high,low,8,namesilo,,,23/09/2026 16:16
a02eb3b8-7b48-4984-9a52-0e20fb8667b7,darkling.red,available,14.99,29.99,medium,low,8,name.com,,,13/08/2026 18:16
094389a2-38df-431a-a88a-5f21cf7f6632,untrusty.red,available,9.48,28.48,medium,low,8,namecheap,,,12/09/2026 21:46
77b40cb6-fecb-4b39-814e-746a6ebf60fa,weighted.red,available,9.48,28.48,high,low,8,namecheap,,,13/09/2026 10:08
5b42d441-2bb7-4bcc-963d-d32ca65ade36,theocratic.red,available,9.48,28.48,medium,low,10,namecheap,,,11/09/2026 12:52
ecb05253-bd26-4e7a-9191-2650f88ab5bc,beaches.red,available,11.49,23.49,high,low,7,namesilo,,,20/09/2026 07:25
159a5ae7-8c3c-4955-bb93-e1f277f7eacd,accede.red,available,9.48,28.48,high,low,6,namecheap,,,20/09/2026 16:11
919055a8-b2ed-4fd7-a0e6-c2e46dd77764,aberrance.red,available,11.49,23.49,medium,low,9,namesilo,,,16/09/2026 15:12
b4f3a8d2-fbd2-4e0a-9c69-b4c1cacfd6f9,ingenuity.red,available,11.49,23.49,high,low,9,namesilo,,,24/09/2026 15:35
46c9dd69-4d70-4631-81d6-2284f1093df5,ashkenazi.red,available,11.49,23.49,high,low,9,namesilo,,,20/09/2026 13:54
580fe1a1-19c8-431e-8660-2b9cab284047,afl.red,available,11.49,23.49,high,low,3,namesilo,,,17/09/2026 15:04
c82d0db8-9731-4cd5-8431-7977c4619f1c,pei.red,available,9.48,28.48,medium,low,3,namecheap,,,28/09/2026 14:30
51253bfd-7f7b-4e5f-8a7c-219e5291afed,buildings.red,available,11.49,23.49,medium,low,9,namesilo,,,27/09/2026 09:32
ea1d9ab5-d36e-48c6-bdad-6df2026c5624,trusted.red,available,18.2,18.2,high,medium,7,cloudflare,,,28/09/2026 08:06
dff904eb-df67-44e5-9f57-189bf4b1474b,factious.red,available,9.48,28.48,medium,low,8,namecheap,,,14/08/2026 12:34
cb87e3e2-b556-40fa-bbb0-11fd8517d07c,colon.red,available,11.49,23.49,high,low,5,namesilo,,,20/09/2026 15:16
9b8e3f6d-ff16-4720-bf3c-4a7153a71db1,greens.red,available,18.2,18.2,high,low,6,cloudflare,,,29/09/2026 21:34
1f7018b7-7878-4d74-aa58-5bdbaf15868c,determined.red,available,11.49,23.49,high,low,10,namesilo,,,24/09/2026 07:38
06949cfd-3417-42f2-a333-68b3d684679d,manifesto.red,available,14.99,39.99,high,low,9,godaddy,,,30/09/2026 02:12
8587e0ef-5045-4c7c-aea7-85ad07e2912b,revive.red,available,11,,high,low,6,unstoppable,,,29/09/2026 02:45
a10c69d5-8012-46f3-a316-1d7944e410da,picky.red,available,9.48,28.48,high,low,5,namecheap,,,18/08/2026 05:00
a3ab43eb-0b8d-45b8-b644-65492ab6cbb9,autoloader.red,available,11.49,23.49,medium,low,10,namesilo,,,21/09/2026 06:48
beb69ab6-b430-4c93-a5fa-5465b071af6f,weaned.red,available,9.48,28.48,medium,low,6,namecheap,,,13/09/2026 08:53
fce0e467-36a0-431c-af08-620ac552f194,anciently.red,available,9.48,28.48,medium,low,9,namecheap,,,13/09/2026 19:42
b5860fb2-c666-45b1-be73-0c0f86a66a3e,nonuniform.red,available,9.48,28.48,medium,low,10,namecheap,,,22/08/2026 05:15
53069dcb-c483-437e-906b-034418803a49,attempting.red,available,11,,medium,low,10,unstoppable,,,28/09/2026 12:29
5b33b544-407d-48e0-8191-f4bc059bfd6c,readers.red,available,18.2,18.2,medium,low,7,cloudflare,,,28/09/2026 17:52
0571d1fd-dc7d-4cf6-8945-a94a65343ff9,naseby.red,available,11.49,23.49,medium,low,6,namesilo,,,22/09/2026 15:31
cc01e6da-6d76-455c-9063-a0294b6f778a,scentless.red,available,9.48,28.48,medium,low,9,namecheap,,,09/09/2026 23:00
4ab54ebd-fae9-4e76-b870-f381a53602e1,batista.red,available,11.49,23.49,medium,low,7,namesilo,,,29/09/2026 11:07
3c4b0f91-ca7f-4f13-a9ec-16d44a814dc3,reliable.red,available,18.2,18.2,high,low,8,cloudflare,,,29/09/2026 13:47
21eee128-02d4-466c-bd9c-376de9289225,grossly.red,available,9.48,28.48,medium,low,7,namecheap,,,14/09/2026 22:29
1c69f92b-35c1-46ab-a7a7-ab02e5983a7e,screenshots.red,available,11.49,23.49,medium,low,11,namesilo,,,20/09/2026 11:10
0f31b520-31e7-4fd0-b0f3-16838d1f1850,dickson.red,available,11.49,23.49,high,low,7,namesilo,,,25/09/2026 15:42
c85e580c-e0bf-4b58-bf27-24691f2e5023,waxy.red,available,9.48,28.48,medium,low,4,namecheap,,,09/08/2026 14:13
87d9957c-bd2f-46de-8ce7-c5e2ccd75b91,bolster.red,available,11.49,23.49,medium,low,7,namesilo,,,29/09/2026 03:17
7011da7a-856b-49f1-8478-e3377ca89e74,elapsed.red,available,9.48,28.48,medium,low,7,namecheap,,,16/08/2026 00:41
9ed99140-3eb2-4c15-a6f1-40309368f327,bleachers.red,available,11.49,23.49,high,low,9,namesilo,,,24/09/2026 05:18
a6fa3f2d-1960-4a77-8264-875ad59ef54e,multiplied.red,available,9.48,28.48,high,low,10,namecheap,,,03/09/2026 10:54
e51030c7-f2fa-43a2-b0ef-b85fe05f7435,captured.red,available,11.49,23.49,medium,low,8,namesilo,,,27/09/2026 02:07
f8c97f1d-21cc-4af1-b36b-85dbec3fa68c,feeble.red,available,14.99,29.99,medium,low,6,name.com,,,13/08/2026 20:30
11b8829b-fb59-4159-80e2-a9f92b314a7f,bend.red,premium,85.8,85.8,high,low,4,namecheap,,,23/09/2026 07:40
583b6a1d-d58f-4c72-851a-eff6c2c664f5,ananias.red,available,11.49,23.49,medium,low,7,namesilo,,,19/09/2026 02:03
74bd7a8c-f919-4b82-b9b7-946c7b743e0a,glibly.red,available,9.48,28.48,medium,low,6,namecheap,,,14/09/2026 21:34
b6bf2b52-af78-4268-9042-ee3244a4f951,alcohols.red,available,9.48,28.48,medium,low,8,namecheap,,,20/09/2026 18:31
4ff27af5-b4c2-4ca5-bb0b-c998899dc258,onionskin.red,available,9.48,28.48,medium,low,9,namecheap,,,18/08/2026 08:17
dc0b2fcf-f943-48a3-971b-2b348e8cf45d,toward.red,available,14.99,,high,low,6,name.com,,,
56bd3b55-f647-4f97-9aa8-3671972fad06,twentieth.red,available,11.49,23.49,high,low,9,namesilo,,,21/09/2026 12:27
561ea49e-199a-40d0-aa16-51a589e43fb9,hayes.red,available,11.49,23.49,high,low,5,namesilo,,,28/09/2026 05:58
84654481-2e4d-44af-a485-e83295a47b10,balanced.red,available,11,23.49,high,low,8,unstoppable,,,29/09/2026 16:30
6aedcb8d-125c-46d7-b6e5-2be56b933e08,auditory.red,available,9.48,28.48,high,low,8,namecheap,,,22/09/2026 12:39
6084325d-1f0b-4caf-aa27-ef25d6845405,somalian.red,available,9.48,28.48,medium,low,8,namecheap,,,10/09/2026 13:56
307adcb1-8b0e-4f56-a55a-10116f46512f,centennial.red,premium,78.54,78.54,high,low,10,namesilo,,,11/08/2026 23:53
e5db9e8c-1618-46fa-85a4-91ae5263bb00,conceited.red,available,9.48,28.48,medium,low,9,namecheap,,,12/08/2026 19:54
aa20a516-e27c-4816-8c78-20aae51c9f4d,barberry.red,available,11.49,23.49,medium,low,8,namesilo,,,22/09/2026 04:51
7ae783e7-4812-4a88-a425-8813d73ea75f,coffeemakers.red,available,11.49,23.49,medium,low,12,namesilo,,,21/09/2026 01:27
94193833-ed32-4eea-9e0b-36fee40c364b,emblematic.red,available,9.48,28.48,high,low,10,namecheap,,,16/08/2026 09:29
4c5f6e25-3c87-4a15-a6e4-fb44799beb0e,constraint.red,available,11.49,23.49,high,low,10,namesilo,,,24/09/2026 17:34
20e3903a-592d-4ea1-8d28-a53e6c1d0724,worshipful.red,available,9.48,28.48,high,low,10,namecheap,,,
b0af3f55-cd5b-42bd-b612-2ac079a07766,aurally.red,available,9.48,28.48,medium,low,7,namecheap,,,13/09/2026 22:46
49ab6ddf-76b2-4cac-807e-0d4bc98a7a36,mixologist.red,available,11.49,23.49,medium,low,10,namesilo,,,22/09/2026 06:27
28796919-1391-4f96-9817-c20df800a976,hottish.red,available,9.48,28.48,medium,low,7,namecheap,,,21/08/2026 14:20
37ff4921-7e60-4c70-8e1a-919629cecbca,disparity.red,available,8.48,18.83,high,low,9,spaceship,,,29/09/2026 16:06
b291aa49-d55a-467d-8380-a14d96b880c0,alary.red,available,9.48,28.48,medium,low,5,namecheap,,,
b9595f30-d50a-4d34-9194-347b04d78ff4,autogyro.red,available,11.49,23.49,medium,low,8,namesilo,,,21/09/2026 06:23
834716f5-0a89-4dad-ac91-7396d1cf82e7,pimply.red,available,9.48,28.48,medium,low,6,namecheap,,,
d44b17a7-c326-4184-90e0-7dabe0d52305,tartness.red,available,11.49,23.49,medium,low,8,namesilo,,,17/09/2026 03:12
1662af0d-8f0c-4708-b7ca-5ca071f1f017,beauregard.red,available,18.2,18.2,high,low,10,cloudflare,,,29/09/2026 21:40
66606cce-e7c3-4bcd-9e5f-6975a0c1b289,unsigned.red,available,9.48,28.48,high,low,8,namecheap,,,12/09/2026 19:55
2de5ff47-4e49-4321-8d5d-8a7b058b6b8c,declined.red,available,11.49,23.49,low,low,8,namesilo,,,28/09/2026 22:47
5d5be689-8137-4b65-baf9-a0df412e262d,middlebury.red,available,8.48,18.83,medium,low,10,spaceship,,,29/09/2026 15:53
e78cd735-1e51-4df5-a527-5f4fd05b7f26,precautions.red,available,11.49,23.49,medium,low,11,namesilo,,,18/09/2026 09:01
3eea568b-a8ea-4989-a1c9-8656c0563399,forties.red,available,9.48,28.48,medium,low,7,namecheap,,,16/09/2026 12:06
7f5bdf38-4621-421f-b59e-d7c01ca91b1a,cavalier.red,available,9.48,28.48,high,low,8,namecheap,,,11/08/2026 22:48
23a78f26-9fe8-401e-9e0c-0565f8c7d613,litoral.red,available,9.48,28.48,medium,low,7,namecheap,,,24/08/2026 07:36
8f8566a5-c8b3-480a-b75f-4ec4a5398144,happily.red,available,8.24,19.48,high,low,7,dynadot,,,28/09/2026 13:29
fbea3717-d9db-463a-b4ef-c6d1191c326d,connectors.red,available,8.48,18.83,medium,low,10,spaceship,,,28/09/2026 05:16
ae0afab9-662a-4da0-a427-d2bc32318dbc,declining.red,available,14.99,,medium,low,9,name.com,,,
78212b33-c902-4d4d-8829-1fc94f89e913,trapped.red,available,9.48,28.48,medium,low,7,namecheap,,,07/08/2026 11:08
9857510d-d7e8-45a7-954a-a3b4eefa77f6,applicant.red,available,11.49,23.49,high,low,9,namesilo,,,19/09/2026 21:53
1d52acf4-9199-449e-b435-e5231756144e,destroying.red,available,9.48,28.48,low,low,10,namecheap,,,27/09/2026 21:23
1032701c-64e1-496c-8c6e-7d62c9e0a396,agricola.red,available,9.48,28.48,high,low,8,namecheap,,,17/09/2026 19:19
0c6b9e09-0e7c-4317-a8d5-7a77c06e10c6,speedy.red,available,9.48,28.48,high,low,6,namecheap,,,09/09/2026 08:40
72fbc357-0c8a-44db-9e9a-c7f825c08ec3,teacher.red,available,8.48,18.83,high,low,7,spaceship,,,30/09/2026 00:13
e37f97de-d6ca-42cb-9ddc-19f32c3acd4f,switching.red,available,18.2,18.2,high,low,9,cloudflare,,,28/09/2026 06:49
c46bd697-06ad-4f77-8c5b-fe3674aeca98,packed.red,available,11.49,23.49,high,low,6,namesilo,,,25/09/2026 11:42
ac9ae6ac-1e6d-4853-a5fc-e9fc276bf793,attention.red,available,11.49,23.49,high,low,9,namesilo,,,28/09/2026 02:14
5b3e68fe-6b11-4154-bc7a-827919df7c98,diffe.red,available,11.49,23.49,medium,low,8,namesilo,,,20/09/2026 05:03
c9f36fa3-d5e3-410b-9846-378b92c65fc0,easterly.red,available,9.48,28.48,medium,low,8,namecheap,,,14/08/2026 22:51
4dd783e5-d2e4-4844-a223-35676633a3c9,dickerson.red,available,11,,medium,low,9,unstoppable,,,29/09/2026 09:51
26235237-7844-459b-bb48-500752159086,brimful.red,available,9.48,28.48,medium,low,7,namecheap,,,11/08/2026 04:08
e2f84ef2-853a-4337-9e28-d8a81911f756,adiabatic.red,available,9.48,28.48,medium,low,9,namecheap,,,
67160cb5-2fcd-4201-984a-0b1452bc8b7d,respondents.red,available,9.48,28.48,medium,low,11,namecheap,,,25/09/2026 21:41
f5a1da67-79cb-41c9-b572-deeeba9e30a3,arbour.red,available,11.49,23.49,medium,low,6,namesilo,,,20/09/2026 00:58
3391bec2-b13d-48b3-b681-3b2d67c8ae06,flute.red,available,8.48,18.83,high,low,5,spaceship,,,28/09/2026 13:41
64d7f44b-65b6-4eda-89d0-806c5dac262e,interstate.red,available,11.49,23.49,high,low,10,namesilo,,,25/09/2026 10:24
a934749c-249f-4556-9a5b-a3aa6a65c75c,agamid.red,available,11.49,23.49,medium,low,6,namesilo,,,17/09/2026 16:08
cafc031e-2971-466f-b378-62df5fb29121,albany.red,available,9.48,28.48,high,low,6,namecheap,,,18/09/2026 02:27
7bd67485-513a-4265-a48b-73a3c99f5ce1,popular.red,available,11.49,23.49,high,low,7,namesilo,,,27/09/2026 04:30
e682c8c2-902a-4aa4-b900-76131e53ddb8,outer.red,available,14.99,,high,low,5,name.com,,,
172b2172-bd96-45dd-b4dc-8230693b96fa,tolerable.red,available,9.48,28.48,medium,low,9,namecheap,,,24/09/2026 16:18
8b66532a-c08b-4a7c-9911-ea48aa40c54e,gutter.red,available,8.48,18.83,high,low,6,spaceship,,,29/09/2026 12:59
03f8541d-d40a-4b9e-8e6a-1d7dbae985ac,momently.red,available,9.48,28.48,medium,low,8,namecheap,,,15/09/2026 15:21
4915436f-212a-4152-ad90-4ca5815d69d5,seawards.red,available,9.48,28.48,medium,low,8,namecheap,,,10/09/2026 01:02
7bc49209-01c0-4c87-87c5-8b13ee1929d0,leaning.red,available,9.48,28.48,high,low,7,namecheap,,,07/08/2026 13:24
4efe0c38-db3d-4057-8d5e-e979687f10e4,syllable.red,available,8.48,18.83,high,low,8,spaceship,,,29/09/2026 20:27
ff0f2156-4fae-4acb-af6e-2fc81a54f183,blackseed.red,available,9.48,28.48,medium,low,9,namecheap,,,24/09/2026 03:00
ead1fed2-7180-4779-b2c7-e549cc7d7451,actable.red,available,9.48,28.48,medium,low,7,namecheap,,,
fde20cc8-cc6f-418b-b4ff-1b0a74b14147,delectable.red,available,9.48,28.48,high,low,10,namecheap,,,14/08/2026 00:21
9a8cea0a-df9f-4d98-bde8-b84103b3316a,carambola.red,available,11.49,23.49,medium,low,9,namesilo,,,21/09/2026 09:14
3774ad84-44ab-4a70-8971-30e287f5d2df,problematic.red,available,18.2,18.2,high,low,11,cloudflare,,,29/09/2026 14:26
06d8dfbe-2186-41b9-8b17-0da8244e45dc,insults.red,available,8.48,18.83,low,low,7,spaceship,,,29/09/2026 11:09
7b429dbc-136b-40bc-af90-9f210992e95b,operatic.red,available,9.48,28.48,high,low,8,namecheap,,,04/09/2026 16:24
a0c1e191-86e3-468c-833f-9c1adb82a702,pip.red,premium,640,640,high,low,3,namesilo,,,13/09/2026 13:22
382af8b4-63df-4441-9e8f-141bc87d3a72,wagering.red,available,18.2,18.2,medium,low,8,cloudflare,,,28/09/2026 11:01
f08871c2-ddb0-4ac9-a756-89fed323cbe1,gia.red,available,11.49,23.49,high,low,3,namesilo,,,20/09/2026 06:34
af75230b-65ec-4a40-9962-c77c905e60e6,aircrew.red,available,11.49,23.49,high,low,7,namesilo,,,17/09/2026 22:11
bce039f1-488d-43da-812b-97cb1139e0ae,hypocrite.red,available,9.48,28.48,high,low,9,namecheap,,,08/09/2026 19:08
8fe3cd4c-f756-4ee9-8e5d-30eb7b88a249,draining.red,available,9.48,28.48,medium,low,8,namecheap,,,14/08/2026 18:19
bcb21731-6316-4848-a269-94b6f4f7d5a2,revised.red,available,11.49,23.49,high,low,7,namesilo,,,27/09/2026 14:32
78c794b0-bd43-44e4-87b3-66b2ab64c5d6,bethel.red,available,11.49,23.49,medium,low,6,namesilo,,,23/09/2026 11:13
7a67813b-e89a-4342-a778-66c388495389,carelessly.red,available,9.48,28.48,medium,low,10,namecheap,,,14/09/2026 05:19
7ecac2e0-06af-4325-a3fc-d5b45d02b74d,apiary.red,available,11.49,23.49,high,low,6,namesilo,,,19/09/2026 17:20
3dd32b3f-4fe9-4706-b262-54306dbd68b3,mitotic.red,available,9.48,28.48,medium,low,7,namecheap,,,25/08/2026 02:08
35a95074-39e5-4921-954c-ab35f10d9c30,marietta.red,available,9.48,28.48,high,low,8,namecheap,,,28/09/2026 04:02
6279a70d-c957-402a-8808-c96b6a11a26a,funny.red,available,11.49,23.49,high,low,5,namesilo,,,23/09/2026 15:21
0a84b17c-c93e-4074-8fc8-a2fd8cd46cbe,boggy.red,available,9.48,28.48,medium,low,5,namecheap,,,10/08/2026 17:01
b2870752-5d7d-438c-b1f4-2acc6e356ac2,soberly.red,available,9.48,28.48,medium,low,7,namecheap,,,14/09/2026 22:10
ecaf309b-fba2-48dd-a057-28734f6ab36d,instructor.red,available,11.49,23.49,high,low,10,namesilo,,,28/09/2026 02:10
d30a1c38-a662-4c60-a6fc-e4dadd7236e9,manful.red,available,9.48,28.48,high,low,6,namecheap,,,24/08/2026 14:46
553be0f7-93a5-4264-94e2-7b23b2fd9a5b,whenever.red,available,14.99,,medium,low,8,name.com,,,
e335cd12-e319-4b0c-a77a-6ab696d26678,carolyn.red,available,8.24,19.48,high,low,7,dynadot,,,28/09/2026 16:28
b6924908-b3ab-4362-9247-5f94b6eba93d,imperative.red,available,9.48,28.48,high,low,10,namecheap,,,08/09/2026 04:44
b8e10781-e75d-48a2-b16e-a07f7cc04587,avo.red,available,11.49,23.49,high,low,3,namesilo,,,21/09/2026 09:36
27523e2d-7630-4564-985e-14dcb166a84e,hilda.red,available,8.48,18.83,high,low,5,spaceship,,,27/09/2026 19:38
7457af77-0be8-4bd0-a4ff-6a64418fef31,acridid.red,available,11.49,23.49,medium,low,7,namesilo,,,17/09/2026 02:59
ece5d4fe-2d51-4e2e-948d-0bd37a4c0dec,jungian.red,available,9.48,28.48,high,low,7,namecheap,,,22/08/2026 14:24
ea533e22-1537-47f9-a557-c44e9689aad4,navarino.red,available,11.49,23.49,medium,low,8,namesilo,,,22/09/2026 15:32
e9081a60-adb5-478d-8271-6ef39c078db8,brightness.red,available,8.48,18.83,high,low,10,spaceship,,,29/09/2026 04:19
9d726009-f9ed-49d3-88db-143998e5fccc,nihilist.red,available,9.48,28.48,medium,low,8,namecheap,,,19/09/2026 02:26
d3e34193-d586-4aad-834f-c5d65596a56e,ammonia.red,available,14.99,29.99,high,low,7,name.com,,,18/09/2026 22:08
23a0c00b-58cb-4ae5-be97-a7a148fa9fd6,extinction.red,available,11.49,23.49,high,low,10,namesilo,,,29/09/2026 13:38
d7a4cecc-375f-42c2-9c29-924da3526cb4,bulla.red,available,11.49,23.49,medium,low,5,namesilo,,,24/09/2026 05:20
9352b001-60f7-4ce3-ab63-5cf8b8949095,abstruse.red,available,9.48,28.48,medium,low,8,namecheap,,,
8e9919b1-8a5c-494c-969a-daec07712e47,mesic.red,available,9.48,28.48,medium,low,5,namecheap,,,24/08/2026 21:11
4b204780-a763-4c50-9ddc-c25faaa4b471,examples.red,available,8.48,18.83,medium,low,8,spaceship,,,29/09/2026 11:13
d488a268-7a95-4638-98af-20ab21e0bd00,decedent.red,available,9.48,28.48,medium,low,8,namecheap,,,13/08/2026 21:05
20bbf81c-d07c-44a0-b2d7-a2792f8bb564,feve.red,available,9.48,28.48,medium,low,7,namecheap,,,18/08/2026 03:07
9baf6b94-7329-4079-ab54-983242cbff30,afc.red,premium,68.51,68.51,high,low,3,spaceship,,,28/09/2026 16:17
e20b5cbc-9ab8-4b2e-ae9c-2a0b3324b013,realist.red,available,8.24,19.48,high,low,7,dynadot,,,30/09/2026 02:40
ecf47983-801e-4ffa-8edd-b84988239bac,terrorists.red,available,11.49,23.49,low,low,10,namesilo,,,27/09/2026 03:16
6496f8bf-103b-423c-aaa5-8ee2c2990cc3,fallout.red,available,11,,medium,low,7,unstoppable,,,28/09/2026 19:11
f12e14d8-9a50-492b-8a9a-f7c60eae5c51,foreigner.red,available,9.48,28.48,high,low,9,namecheap,,,
2ec0704f-862f-4499-bff4-a6a5becf18e0,starchy.red,available,9.48,28.48,medium,low,7,namecheap,,,11/08/2026 07:29
6aaec766-f1b7-42ff-874d-dd32b9f30259,performs.red,available,14.99,,medium,low,8,name.com,,,
745e730c-fa75-4f70-a16f-81e9f0b360e0,hawes.red,available,18.2,18.2,medium,low,5,cloudflare,,,29/09/2026 22:21
9b053c2a-aef4-4a7f-a262-07ec07056825,michelle.red,available,11.49,23.49,high,low,8,namesilo,,,25/09/2026 13:16
fcbf10f5-60d1-4486-9365-72265f80cb2f,ahem.red,available,9.48,28.48,high,low,4,namecheap,,,17/09/2026 20:20
f8150e5d-145f-4506-ad20-f160dd49718d,subliminal.red,available,9.48,28.48,high,low,10,namecheap,,,11/09/2026 00:08
12882981-e007-4a06-be3d-79a57e45d093,auriga.red,available,11.49,23.49,medium,low,6,namesilo,,,21/09/2026 04:24
afdbd234-d931-44f6-9a4a-2e74b447f6f8,xanthous.red,available,9.48,28.48,medium,low,8,namecheap,,,13/09/2026 14:00
5dd115eb-5b7e-4a45-9dae-1bbcf281938c,modeller.red,available,14.99,,high,low,8,name.com,,,
59afacaa-5a91-4404-866f-ea085313563a,arabesque.red,available,11.49,23.49,high,low,9,namesilo,,,19/09/2026 23:28
1baea47f-6bca-4def-a269-c54dabd3ccc0,expelled.red,available,11.49,23.49,low,low,8,namesilo,,,28/09/2026 12:50
17cf7d56-8fc1-4338-aa66-dbee58d93bc1,falsely.red,available,9.48,28.48,medium,low,7,namecheap,,,14/09/2026 17:35
9d549c8c-a3a0-4c95-bc49-3f1fb03d8da6,booklover.red,available,11.49,23.49,high,low,9,namesilo,,,23/09/2026 12:51
80079561-3327-4238-9fdf-55eec3f8498f,sully.red,available,9.48,28.48,medium,low,5,namecheap,,,24/08/2026 12:51
6d856a4d-3203-4aeb-a9b2-0a497d80c43d,kota.red,available,8.24,19.48,high,low,4,dynadot,,,30/09/2026 02:06
4478af27-8a7e-4156-9a1e-8ef9da3b92d6,enlightenment.red,available,14.99,,high,low,13,name.com,,,
5441e027-247d-445b-8a4b-7d8a719e7c76,judges.red,available,11.49,23.49,medium,low,6,namesilo,,,29/09/2026 03:34
cf74a563-9738-4283-9b25-a7b1b3f53967,yobo.red,available,9.48,28.48,medium,low,4,namecheap,,,11/08/2026 08:48
853ca605-cf22-490c-954b-ac338da88602,refinery.red,available,11.49,23.49,high,low,8,namesilo,,,30/09/2026 02:41
41753c13-ecf3-4435-9305-ecd17fa412d1,glamourous.red,available,9.48,28.48,high,low,10,namecheap,,,19/08/2026 00:17
f993b6a7-114c-4fbe-8384-fd9e0f416d0f,overstated.red,available,9.48,28.48,medium,low,10,namecheap,,,17/08/2026 15:36
6a8062e1-f76a-4ef1-8bb1-5c939660867f,largest.red,available,8.24,19.48,medium,low,7,dynadot,,,27/09/2026 21:38
0c69cf17-aa72-4d2e-b24f-6b93222086b8,saving.red,available,8.48,18.83,high,low,6,spaceship,,,27/09/2026 18:08
347b47f2-ec07-439e-8919-976e62eba71c,kyoto.red,available,8.48,18.83,high,low,5,spaceship,,,29/09/2026 19:29
41e8bb33-3004-4759-b9de-ace03a1bfd42,decayed.red,available,9.48,28.48,medium,low,7,namecheap,,,13/08/2026 20:59
beb3d356-5925-41a4-ab8b-b5bfb8db8546,achy.red,available,9.48,28.48,medium,low,4,namecheap,,,
1f100264-4b30-41c8-b59e-beb11f4a9eea,aluminous.red,available,9.48,28.48,medium,low,9,namecheap,,,
889a607b-71d2-4674-bf30-273d21c2542f,ssc.red,premium,78.54,78.54,high,low,3,namesilo,,,29/09/2026 22:32
b200fce9-a01a-4ffc-ae0b-79e8119a4540,siberia.red,available,8.24,19.05,high,low,7,porkbun,,,29/09/2026 20:20